order,word1,word2,answer,point_oka,point_ksm,point_hosoi,point_mizukoshi,text,pred
3,鳥,飛行機,飛ぶ,2.0,2.0,2.0,2.0,鳥[SEP]飛行機[SEP]飛ぶ,2
4,時間,川,流れる,2.0,2.0,2.0,2.0,時間[SEP]川[SEP]流れる,2
16,思考,網,張り巡らす,2.0,2.0,2.0,2.0,思考[SEP]網[SEP]張り巡らす,2
17,美術館,墓,建物,0.0,0.0,0.0,0.0,美術館[SEP]墓[SEP]建物,1
28,酒場,教会,お酒,0.0,0.0,0.0,0.0,酒場[SEP]教会[SEP]お酒,1
30,輪っか,ネックレス,中心に穴が開いている,1.0,1.0,1.0,1.0,輪っか[SEP]ネックレス[SEP]中心に穴が開いている,1
31,山,障害物,不動,1.0,1.0,1.0,0.0,山[SEP]障害物[SEP]不動,0
33,愛,薬物,紙一重,0.0,0.0,0.0,0.0,愛[SEP]薬物[SEP]紙一重,0
34,結婚,合金,お金,0.0,0.0,0.0,0.0,結婚[SEP]合金[SEP]お金,0
36,理論,建物,密接にかかわる,0.0,0.0,1.0,0.0,理論[SEP]建物[SEP]密接にかかわる,1
39,思考,網,巡らせる,2.0,2.0,2.0,2.0,思考[SEP]網[SEP]巡らせる,2
44,紙,葉っぱ,タバコ,0.0,0.0,0.0,0.0,紙[SEP]葉っぱ[SEP]タバコ,1
52,山頂,針,先がない,0.0,0.0,0.0,0.0,山頂[SEP]針[SEP]先がない,1
55,太陽,電球,明かりを放つ,1.0,2.0,2.0,1.0,太陽[SEP]電球[SEP]明かりを放つ,1
58,剣,拳銃,武器,2.0,2.0,2.0,2.0,剣[SEP]拳銃[SEP]武器,2
59,理論,建物,土台から作る,2.0,2.0,2.0,2.0,理論[SEP]建物[SEP]土台から作る,2
61,なぞなぞ,迷宮,すぐには理解できないもの,1.0,2.0,2.0,1.0,なぞなぞ[SEP]迷宮[SEP]すぐには理解できないもの,1
64,みかん,ボール,丸い形,1.0,2.0,1.0,1.0,みかん[SEP]ボール[SEP]丸い形,1
66,道,川,なにかの通り道,2.0,2.0,2.0,0.0,道[SEP]川[SEP]なにかの通り道,1
73,時間,川,限りがある,0.0,1.0,0.0,0.0,時間[SEP]川[SEP]限りがある,0
83,記憶,牢獄,収まる,1.0,1.0,1.0,1.0,記憶[SEP]牢獄[SEP]収まる,1
88,ダイヤモンド,雪片,輝き,1.0,1.0,1.0,1.0,ダイヤモンド[SEP]雪片[SEP]輝き,1
89,道,川,運搬路,2.0,2.0,2.0,2.0,道[SEP]川[SEP]運搬路,2
99,輪っか,ネックレス,かける,1.0,1.0,1.0,1.0,輪っか[SEP]ネックレス[SEP]かける,1
100,山,障害物,防げない,0.0,0.0,0.0,0.0,山[SEP]障害物[SEP]防げない,2
102,愛,薬物,依存,2.0,2.0,2.0,2.0,愛[SEP]薬物[SEP]依存,2
108,思考,網,張り巡らせる,2.0,2.0,2.0,2.0,思考[SEP]網[SEP]張り巡らせる,2
111,ダイヤモンド,雪片,美しい,1.0,1.0,1.0,1.0,ダイヤモンド[SEP]雪片[SEP]美しい,1
121,山頂,針,他の部分より鋭角で、端にある,1.0,1.0,1.0,1.0,山頂[SEP]針[SEP]他の部分より鋭角で、端にある,2
130,なぞなぞ,迷宮,思考がさまよう,1.0,1.0,1.0,1.0,なぞなぞ[SEP]迷宮[SEP]思考がさまよう,0
146,山,障害物,動かない,1.0,1.0,0.0,0.0,山[SEP]障害物[SEP]動かない,1
147,太陽,電球,光を放つ,2.0,2.0,2.0,2.0,太陽[SEP]電球[SEP]光を放つ,2
150,剣,拳銃,傷つける,1.0,1.0,1.0,1.0,剣[SEP]拳銃[SEP]傷つける,1
153,なぞなぞ,迷宮,解く,2.0,1.0,2.0,2.0,なぞなぞ[SEP]迷宮[SEP]解く,2
154,思考,網,複雑,1.0,1.0,1.0,1.0,思考[SEP]網[SEP]複雑,1
155,美術館,墓,時々訪れる場所,1.0,1.0,1.0,0.0,美術館[SEP]墓[SEP]時々訪れる場所,1
156,みかん,ボール,子供が好き,1.0,0.0,0.0,0.0,みかん[SEP]ボール[SEP]子供が好き,1
160,会社,木,枝分かれしている,2.0,2.0,2.0,2.0,会社[SEP]木[SEP]枝分かれしている,2
167,山頂,針,先がとがる,2.0,2.0,2.0,2.0,山頂[SEP]針[SEP]先がとがる,2
173,剣,拳銃,戦う,0.0,1.0,1.0,1.0,剣[SEP]拳銃[SEP]戦う,1
177,思考,網,取る,0.0,0.0,0.0,0.0,思考[SEP]網[SEP]取る,0
178,美術館,墓,偉人,0.0,0.0,0.0,0.0,美術館[SEP]墓[SEP]偉人,1
183,会社,木,建物,0.0,0.0,0.0,0.0,会社[SEP]木[SEP]建物,0
187,鳥,飛行機,飛べる,2.0,2.0,2.0,2.0,鳥[SEP]飛行機[SEP]飛べる,2
189,酒場,教会,集まる,2.0,2.0,2.0,2.0,酒場[SEP]教会[SEP]集まる,2
190,山頂,針,尖る,2.0,2.0,2.0,2.0,山頂[SEP]針[SEP]尖る,2
192,山,障害物,崖,0.0,0.0,0.0,0.0,山[SEP]障害物[SEP]崖,1
194,愛,薬物,沈む,0.0,2.0,1.0,0.0,愛[SEP]薬物[SEP]沈む,2
198,記憶,牢獄,犯罪,0.0,0.0,0.0,0.0,記憶[SEP]牢獄[SEP]犯罪,0
199,なぞなぞ,迷宮,迷路,0.0,1.0,1.0,0.0,なぞなぞ[SEP]迷宮[SEP]迷路,1
200,思考,網,回答,0.0,0.0,0.0,0.0,思考[SEP]網[SEP]回答,0
201,美術館,墓,ホラー,0.0,0.0,0.0,0.0,美術館[SEP]墓[SEP]ホラー,1
202,みかん,ボール,ダンボール,0.0,0.0,0.0,0.0,みかん[SEP]ボール[SEP]ダンボール,1
204,道,川,道路,0.0,2.0,0.0,0.0,道[SEP]川[SEP]道路,2
205,紙,葉っぱ,トイレットペーパー,0.0,0.0,0.0,0.0,紙[SEP]葉っぱ[SEP]トイレットペーパー,1
206,会社,木,木造,0.0,0.0,0.0,0.0,会社[SEP]木[SEP]木造,0
213,山頂,針,やま,0.0,0.0,0.0,0.0,山頂[SEP]針[SEP]やま,1
214,輪っか,ネックレス,つながっている,1.0,1.0,1.0,1.0,輪っか[SEP]ネックレス[SEP]つながっている,1
215,山,障害物,いばら,0.0,1.0,1.0,1.0,山[SEP]障害物[SEP]いばら,1
226,ダイヤモンド,雪片,洸,0.0,0.0,0.0,0.0,ダイヤモンド[SEP]雪片[SEP]洸,1
227,道,川,人工的,0.0,0.0,0.0,0.0,道[SEP]川[SEP]人工的,0
243,理論,建物,建てる、構築,2.0,2.0,1.0,2.0,理論[SEP]建物[SEP]建てる、構築,2
262,太陽,電球,明るい点が似ている,1.0,1.0,1.0,1.0,太陽[SEP]電球[SEP]明るい点が似ている,1
269,思考,網,複雑に絡み合っている点が似ている,1.0,2.0,1.0,1.0,思考[SEP]網[SEP]複雑に絡み合っている点が似ている,1
270,美術館,墓,静かな点が似ている,1.0,1.0,1.0,1.0,美術館[SEP]墓[SEP]静かな点が似ている,1
274,紙,葉っぱ,薄っぺらくヒラヒラしている点が似ている,1.0,1.0,1.0,1.0,紙[SEP]葉っぱ[SEP]薄っぺらくヒラヒラしている点が似ている,1
282,山頂,針,長さがある,0.0,0.0,0.0,0.0,山頂[SEP]針[SEP]長さがある,1
290,記憶,牢獄,忘れない,1.0,1.0,1.0,0.0,記憶[SEP]牢獄[SEP]忘れない,1
292,思考,網,長い物,0.0,0.0,0.0,0.0,思考[SEP]網[SEP]長い物,1
297,紙,葉っぱ,薄い物,2.0,1.0,1.0,1.0,紙[SEP]葉っぱ[SEP]薄い物,1
305,山頂,針,先がとがっている,2.0,2.0,2.0,2.0,山頂[SEP]針[SEP]先がとがっている,2
308,太陽,電球,光こと,2.0,1.0,0.0,2.0,太陽[SEP]電球[SEP]光こと,2
311,剣,拳銃,どちらも武器である,2.0,2.0,2.0,2.0,剣[SEP]拳銃[SEP]どちらも武器である,2
313,記憶,牢獄,とらわれる点,2.0,2.0,2.0,2.0,記憶[SEP]牢獄[SEP]とらわれる点,2
314,なぞなぞ,迷宮,迷ってしまう,1.0,1.0,1.0,1.0,なぞなぞ[SEP]迷宮[SEP]迷ってしまう,1
315,思考,網,捕らえられる点,1.0,0.0,1.0,1.0,思考[SEP]網[SEP]捕らえられる点,2
317,みかん,ボール,丸いこと,1.0,2.0,1.0,1.0,みかん[SEP]ボール[SEP]丸いこと,1
320,紙,葉っぱ,薄っぺらいこと,1.0,1.0,1.0,1.0,紙[SEP]葉っぱ[SEP]薄っぺらいこと,1
328,山頂,針,先端がとがっている,2.0,2.0,2.0,2.0,山頂[SEP]針[SEP]先端がとがっている,2
329,輪っか,ネックレス,円状になっている,2.0,2.0,2.0,2.0,輪っか[SEP]ネックレス[SEP]円状になっている,2
333,結婚,合金,明るい,1.0,0.0,1.0,0.0,結婚[SEP]合金[SEP]明るい,1
335,理論,建物,たてるもの,1.0,1.0,1.0,1.0,理論[SEP]建物[SEP]たてるもの,1
342,道,川,道路、水路,0.0,2.0,0.0,2.0,道[SEP]川[SEP]道路、水路,0
343,紙,葉っぱ,髪たばこ,0.0,0.0,0.0,0.0,紙[SEP]葉っぱ[SEP]髪たばこ,1
344,会社,木,実を鳴らすもの,0.0,1.0,1.0,1.0,会社[SEP]木[SEP]実を鳴らすもの,1
355,愛,薬物,似てない,0.0,0.0,0.0,0.0,愛[SEP]薬物[SEP]似てない,1
358,理論,建物,組み立てる,2.0,2.0,2.0,2.0,理論[SEP]建物[SEP]組み立てる,2
359,記憶,牢獄,似てない,0.0,0.0,0.0,0.0,記憶[SEP]牢獄[SEP]似てない,1
360,なぞなぞ,迷宮,悩む,1.0,1.0,1.0,1.0,なぞなぞ[SEP]迷宮[SEP]悩む,1
361,思考,網,巡らす,2.0,2.0,2.0,2.0,思考[SEP]網[SEP]巡らす,2
362,美術館,墓,似てない,0.0,0.0,0.0,0.0,美術館[SEP]墓[SEP]似てない,1
376,山,障害物,出っ張っている,0.0,1.0,1.0,1.0,山[SEP]障害物[SEP]出っ張っている,1
382,記憶,牢獄,内側にある,0.0,1.0,1.0,0.0,記憶[SEP]牢獄[SEP]内側にある,1
384,思考,網,つながっている,1.0,1.0,1.0,1.0,思考[SEP]網[SEP]つながっている,1
385,美術館,墓,整然としている,1.0,1.0,1.0,0.0,美術館[SEP]墓[SEP]整然としている,1
387,ダイヤモンド,雪片,結晶体である,2.0,2.0,2.0,2.0,ダイヤモンド[SEP]雪片[SEP]結晶体である,2
388,道,川,何かが流れていく,1.0,1.0,1.0,1.0,道[SEP]川[SEP]何かが流れていく,2
394,鳥,飛行機,似ていない,0.0,0.0,0.0,0.0,鳥[SEP]飛行機[SEP]似ていない,0
395,時間,川,似ていない,0.0,0.0,0.0,0.0,時間[SEP]川[SEP]似ていない,1
396,酒場,教会,人が集まるところが似ている,2.0,2.0,2.0,2.0,酒場[SEP]教会[SEP]人が集まるところが似ている,2
400,太陽,電球,明るく丸いところが似ている,1.0,1.0,1.0,1.0,太陽[SEP]電球[SEP]明るく丸いところが似ている,1
402,結婚,合金,お金が絡むことろが似ている,0.0,0.0,0.0,1.0,結婚[SEP]合金[SEP]お金が絡むことろが似ている,1
404,理論,建物,構築していくところが似ている,2.0,2.0,2.0,2.0,理論[SEP]建物[SEP]構築していくところが似ている,2
405,記憶,牢獄,似ているところがない,0.0,0.0,0.0,0.0,記憶[SEP]牢獄[SEP]似ているところがない,0
417,鳥,飛行機,どちらも空を飛びます。,2.0,2.0,2.0,2.0,鳥[SEP]飛行機[SEP]どちらも空を飛びます。,2
420,山頂,針,どちらもとがっています。,2.0,2.0,2.0,2.0,山頂[SEP]針[SEP]どちらもとがっています。,2
423,太陽,電球,どちらも光っています。,2.0,1.0,2.0,2.0,太陽[SEP]電球[SEP]どちらも光っています。,2
429,なぞなぞ,迷宮,どちらも考えさせるものです。,1.0,1.0,1.0,1.0,なぞなぞ[SEP]迷宮[SEP]どちらも考えさせるものです。,2
432,みかん,ボール,どちらも丸いです。,1.0,2.0,1.0,1.0,みかん[SEP]ボール[SEP]どちらも丸いです。,1
436,会社,木,どちらも支社に別れています。,2.0,2.0,2.0,0.0,会社[SEP]木[SEP]どちらも支社に別れています。,1
444,輪っか,ネックレス,丸く繋がれているもの,2.0,2.0,2.0,2.0,輪っか[SEP]ネックレス[SEP]丸く繋がれているもの,2
457,道,川,どこまでも続く,1.0,1.0,1.0,1.0,道[SEP]川[SEP]どこまでも続く,1
469,太陽,電球,発光する,2.0,2.0,2.0,2.0,太陽[SEP]電球[SEP]発光する,2
471,結婚,合金,2つの物が結びつく,2.0,1.0,2.0,2.0,結婚[SEP]合金[SEP]2つの物が結びつく,2
472,剣,拳銃,武器である,2.0,2.0,2.0,2.0,剣[SEP]拳銃[SEP]武器である,2
475,なぞなぞ,迷宮,頭を悩ませる,1.0,1.0,1.0,1.0,なぞなぞ[SEP]迷宮[SEP]頭を悩ませる,1
480,道,川,運搬に使われる,2.0,2.0,2.0,2.0,道[SEP]川[SEP]運搬に使われる,2
496,理論,建物,計算,0.0,1.0,1.0,1.0,理論[SEP]建物[SEP]計算,1
497,記憶,牢獄,留める,1.0,1.0,1.0,1.0,記憶[SEP]牢獄[SEP]留める,1
503,道,川,長い,1.0,1.0,1.0,1.0,道[SEP]川[SEP]長い,1
513,輪っか,ネックレス,円になっている,2.0,2.0,2.0,2.0,輪っか[SEP]ネックレス[SEP]円になっている,2
516,愛,薬物,依存しやすい,2.0,2.0,2.0,2.0,愛[SEP]薬物[SEP]依存しやすい,2
517,結婚,合金,違うものが組み合わさっている,1.0,1.0,2.0,2.0,結婚[SEP]合金[SEP]違うものが組み合わさっている,2
525,ダイヤモンド,雪片,キラキラしている,1.0,1.0,1.0,1.0,ダイヤモンド[SEP]雪片[SEP]キラキラしている,1
535,山頂,針,先端が尖がっている,2.0,2.0,2.0,2.0,山頂[SEP]針[SEP]先端が尖がっている,2
544,なぞなぞ,迷宮,どちらも悩み考える,1.0,1.0,1.0,1.0,なぞなぞ[SEP]迷宮[SEP]どちらも悩み考える,1
546,美術館,墓,物を保管している,2.0,2.0,2.0,2.0,美術館[SEP]墓[SEP]物を保管している,2
547,みかん,ボール,どちらも丸い,1.0,2.0,1.0,1.0,みかん[SEP]ボール[SEP]どちらも丸い,1
555,鳥,飛行機,羽があり空を飛ぶところが似ています。,2.0,2.0,2.0,2.0,鳥[SEP]飛行機[SEP]羽があり空を飛ぶところが似ています。,2
557,酒場,教会,同じ主を持った人があつますところga,0.0,2.0,0.0,0.0,酒場[SEP]教会[SEP]同じ主を持った人があつますところga,1
558,山頂,針,針山が山の形状をしていてイメージが似ています,0.0,1.0,0.0,0.0,山頂[SEP]針[SEP]針山が山の形状をしていてイメージが似ています,2
560,山,障害物,越えるのが困難なところが似ている,2.0,2.0,2.0,2.0,山[SEP]障害物[SEP]越えるのが困難なところが似ている,2
567,なぞなぞ,迷宮,考えても一向に解決できない,2.0,2.0,2.0,2.0,なぞなぞ[SEP]迷宮[SEP]考えても一向に解決できない,2
568,思考,網,あらゆる線を張り巡らせるところ,2.0,2.0,2.0,2.0,思考[SEP]網[SEP]あらゆる線を張り巡らせるところ,2
569,美術館,墓,静かに眠っている,2.0,2.0,2.0,1.0,美術館[SEP]墓[SEP]静かに眠っている,1
583,山,障害物,行き止まり,0.0,2.0,2.0,2.0,山[SEP]障害物[SEP]行き止まり,2
585,愛,薬物,精神,0.0,0.0,0.0,0.0,愛[SEP]薬物[SEP]精神,0
589,記憶,牢獄,脳,0.0,0.0,0.0,0.0,記憶[SEP]牢獄[SEP]脳,0
591,思考,網,回路,2.0,2.0,1.0,2.0,思考[SEP]網[SEP]回路,2
592,美術館,墓,絵画,0.0,0.0,0.0,0.0,美術館[SEP]墓[SEP]絵画,1
594,ダイヤモンド,雪片,石,0.0,0.0,0.0,0.0,ダイヤモンド[SEP]雪片[SEP]石,1
595,道,川,橋,0.0,0.0,0.0,0.0,道[SEP]川[SEP]橋,2
596,紙,葉っぱ,たばこ,0.0,0.0,0.0,0.0,紙[SEP]葉っぱ[SEP]たばこ,1
597,会社,木,年,0.0,0.0,1.0,0.0,会社[SEP]木[SEP]年,0
606,山,障害物,越えなくてはいけない,2.0,2.0,2.0,2.0,山[SEP]障害物[SEP]越えなくてはいけない,2
610,剣,拳銃,凶器,1.0,1.0,1.0,1.0,剣[SEP]拳銃[SEP]凶器,1
614,思考,網,複雑に組み合わさっている,1.0,1.0,1.0,1.0,思考[SEP]網[SEP]複雑に組み合わさっている,1
629,山,障害物,突き出ていて乗り越えるもの,2.0,2.0,2.0,2.0,山[SEP]障害物[SEP]突き出ていて乗り越えるもの,2
631,愛,薬物,依存の危険性あり,2.0,2.0,2.0,2.0,愛[SEP]薬物[SEP]依存の危険性あり,2
632,結婚,合金,音が似ている,0.0,0.0,0.0,0.0,結婚[SEP]合金[SEP]音が似ている,1
635,記憶,牢獄,閉じ込められる,2.0,2.0,2.0,2.0,記憶[SEP]牢獄[SEP]閉じ込められる,2
638,美術館,墓,何かが並んでいる,1.0,1.0,1.0,1.0,美術館[SEP]墓[SEP]何かが並んでいる,1
642,紙,葉っぱ,ペラペラ,1.0,1.0,1.0,1.0,紙[SEP]葉っぱ[SEP]ペラペラ,1
649,酒場,教会,人が集うところという点で似ている,2.0,2.0,2.0,2.0,酒場[SEP]教会[SEP]人が集うところという点で似ている,2
650,山頂,針,先っぽが鋭いという点が似ている,2.0,1.0,1.0,1.0,山頂[SEP]針[SEP]先っぽが鋭いという点が似ている,1
651,輪っか,ネックレス,丸みを帯びた球体という点が似ている,0.0,2.0,2.0,2.0,輪っか[SEP]ネックレス[SEP]丸みを帯びた球体という点が似ている,2
664,道,川,通行する場所であるという点が似ている,2.0,2.0,2.0,2.0,道[SEP]川[SEP]通行する場所であるという点が似ている,1
666,会社,木,基本的に立っているもので、人の手を加えて成長するという点が似ている,1.0,1.0,1.0,1.0,会社[SEP]木[SEP]基本的に立っているもので、人の手を加えて成長するという点が似ている,2
678,結婚,合金,華やか,1.0,0.0,1.0,0.0,結婚[SEP]合金[SEP]華やか,1
679,剣,拳銃,危険,1.0,1.0,1.0,1.0,剣[SEP]拳銃[SEP]危険,1
681,記憶,牢獄,嫌な出来事,1.0,0.0,1.0,1.0,記憶[SEP]牢獄[SEP]嫌な出来事,0
684,美術館,墓,技術,0.0,0.0,0.0,0.0,美術館[SEP]墓[SEP]技術,1
701,結婚,合金,結びつく,2.0,1.0,1.0,2.0,結婚[SEP]合金[SEP]結びつく,2
711,紙,葉っぱ,ひらひらする,1.0,1.0,1.0,1.0,紙[SEP]葉っぱ[SEP]ひらひらする,1
716,鳥,飛行機,飛ぶもの,2.0,2.0,2.0,2.0,鳥[SEP]飛行機[SEP]飛ぶもの,2
733,道,川,長く続いている,1.0,1.0,1.0,1.0,道[SEP]川[SEP]長く続いている,1
735,会社,木,社会を支えている,1.0,1.0,1.0,1.0,会社[SEP]木[SEP]社会を支えている,0
741,酒場,教会,人が集まるところ,2.0,2.0,2.0,2.0,酒場[SEP]教会[SEP]人が集まるところ,2
745,太陽,電球,光を発するもの,2.0,2.0,2.0,2.0,太陽[SEP]電球[SEP]光を発するもの,2
746,愛,薬物,溺れやすいもの,2.0,2.0,2.0,2.0,愛[SEP]薬物[SEP]溺れやすいもの,2
747,結婚,合金,善と悪をふくむもの,0.0,0.0,0.0,0.0,結婚[SEP]合金[SEP]善と悪をふくむもの,1
749,理論,建物,基本がなければ成り立たないもの,2.0,2.0,2.0,2.0,理論[SEP]建物[SEP]基本がなければ成り立たないもの,2
754,みかん,ボール,球状のもの,2.0,2.0,2.0,2.0,みかん[SEP]ボール[SEP]球状のもの,2
755,ダイヤモンド,雪片,規則的な形をしたもの,2.0,2.0,0.0,0.0,ダイヤモンド[SEP]雪片[SEP]規則的な形をしたもの,1
766,輪っか,ネックレス,まるい,2.0,2.0,2.0,2.0,輪っか[SEP]ネックレス[SEP]まるい,0
772,理論,建物,かたい,1.0,0.0,1.0,1.0,理論[SEP]建物[SEP]かたい,0
774,なぞなぞ,迷宮,難しい,1.0,1.0,1.0,1.0,なぞなぞ[SEP]迷宮[SEP]難しい,1
785,鳥,飛行機,どちらも空を飛ぶ,2.0,2.0,2.0,2.0,鳥[SEP]飛行機[SEP]どちらも空を飛ぶ,2
793,結婚,合金,にせもの,0.0,0.0,0.0,0.0,結婚[SEP]合金[SEP]にせもの,1
797,なぞなぞ,迷宮,なかなか答えが見つからない,2.0,2.0,2.0,2.0,なぞなぞ[SEP]迷宮[SEP]なかなか答えが見つからない,2
798,思考,網,際限なく広がる,1.0,1.0,1.0,1.0,思考[SEP]網[SEP]際限なく広がる,1
810,酒場,教会,信者がいる,1.0,1.0,0.0,0.0,酒場[SEP]教会[SEP]信者がいる,1
811,山頂,針,怪我をしやすい,1.0,0.0,0.0,0.0,山頂[SEP]針[SEP]怪我をしやすい,1
815,愛,薬物,依存することがある,2.0,2.0,2.0,2.0,愛[SEP]薬物[SEP]依存することがある,2
818,理論,建物,設計が大事,1.0,1.0,1.0,1.0,理論[SEP]建物[SEP]設計が大事,1
819,記憶,牢獄,喜怒哀楽,0.0,0.0,0.0,0.0,記憶[SEP]牢獄[SEP]喜怒哀楽,1
825,道,川,物を運ぶ,2.0,2.0,2.0,2.0,道[SEP]川[SEP]物を運ぶ,0
842,記憶,牢獄,逃げないようにするのが難しい,2.0,2.0,0.0,0.0,記憶[SEP]牢獄[SEP]逃げないようにするのが難しい,2
843,なぞなぞ,迷宮,答えに辿り着くのが大変,2.0,2.0,2.0,2.0,なぞなぞ[SEP]迷宮[SEP]答えに辿り着くのが大変,2
845,美術館,墓,過去のものを保管している,2.0,2.0,2.0,2.0,美術館[SEP]墓[SEP]過去のものを保管している,2
846,みかん,ボール,投げやすい,1.0,1.0,1.0,0.0,みかん[SEP]ボール[SEP]投げやすい,1
847,ダイヤモンド,雪片,反射してキラキラと光る,1.0,1.0,1.0,1.0,ダイヤモンド[SEP]雪片[SEP]反射してキラキラと光る,1
861,愛,薬物,適切な用法・用量が必要,0.0,0.0,0.0,0.0,愛[SEP]薬物[SEP]適切な用法・用量が必要,1
868,美術館,墓,静謐である,1.0,1.0,1.0,1.0,美術館[SEP]墓[SEP]静謐である,1
882,山,障害物,疲れる,1.0,1.0,1.0,0.0,山[SEP]障害物[SEP]疲れる,1
896,会社,木,枝分かれ,2.0,2.0,2.0,2.0,会社[SEP]木[SEP]枝分かれ,2
903,山頂,針,山と針山,0.0,0.0,0.0,0.0,山頂[SEP]針[SEP]山と針山,1
908,結婚,合金,冷たい,0.0,0.0,0.0,0.0,結婚[SEP]合金[SEP]冷たい,1
926,山頂,針,先端,1.0,1.0,1.0,1.0,山頂[SEP]針[SEP]先端,1
933,理論,建物,構築される,2.0,2.0,2.0,2.0,理論[SEP]建物[SEP]構築される,2
937,美術館,墓,収める,2.0,2.0,2.0,2.0,美術館[SEP]墓[SEP]収める,2
941,紙,葉っぱ,枚数,0.0,0.0,0.0,0.0,紙[SEP]葉っぱ[SEP]枚数,1
946,鳥,飛行機,飛ぶところ,2.0,2.0,2.0,2.0,鳥[SEP]飛行機[SEP]飛ぶところ,2
948,酒場,教会,人が集まる場所,2.0,2.0,2.0,2.0,酒場[SEP]教会[SEP]人が集まる場所,2
954,結婚,合金,必要なもの,0.0,0.0,0.0,0.0,結婚[SEP]合金[SEP]必要なもの,1
962,ダイヤモンド,雪片,結晶がきれいなところ,2.0,2.0,2.0,2.0,ダイヤモンド[SEP]雪片[SEP]結晶がきれいなところ,2
963,道,川,どこまでも続いているところ,1.0,1.0,1.0,1.0,道[SEP]川[SEP]どこまでも続いているところ,1
965,会社,木,変わらない場所にあるところ,1.0,1.0,1.0,0.0,会社[SEP]木[SEP]変わらない場所にあるところ,1
974,山,障害物,大きい,1.0,1.0,1.0,1.0,山[SEP]障害物[SEP]大きい,1
986,道,川,一本,0.0,0.0,0.0,0.0,道[SEP]川[SEP]一本,2
988,会社,木,倒れる,1.0,1.0,1.0,1.0,会社[SEP]木[SEP]倒れる,1
997,山,障害物,そびえる,2.0,1.0,1.0,1.0,山[SEP]障害物[SEP]そびえる,2
999,愛,薬物,癒す,1.0,1.0,1.0,1.0,愛[SEP]薬物[SEP]癒す,1
1000,結婚,合金,硬い,1.0,0.0,1.0,1.0,結婚[SEP]合金[SEP]硬い,1
1002,理論,建物,作る,1.0,1.0,1.0,1.0,理論[SEP]建物[SEP]作る,1
1015,鳥,飛行機,空,0.0,1.0,1.0,1.0,鳥[SEP]飛行機[SEP]空,2
1017,酒場,教会,祈る,0.0,0.0,0.0,0.0,酒場[SEP]教会[SEP]祈る,0
1018,山頂,針,先,0.0,0.0,1.0,0.0,山頂[SEP]針[SEP]先,1
1019,輪っか,ネックレス,長い,0.0,0.0,1.0,0.0,輪っか[SEP]ネックレス[SEP]長い,1
1024,剣,拳銃,戦争,0.0,0.0,0.0,1.0,剣[SEP]拳銃[SEP]戦争,1
1026,記憶,牢獄,覚える,0.0,1.0,0.0,0.0,記憶[SEP]牢獄[SEP]覚える,0
1028,思考,網,とる,0.0,0.0,0.0,0.0,思考[SEP]網[SEP]とる,1
1043,山,障害物,危険,0.0,0.0,1.0,0.0,山[SEP]障害物[SEP]危険,1
1046,結婚,合金,絆がつよい,0.0,1.0,0.0,0.0,結婚[SEP]合金[SEP]絆がつよい,1
1049,記憶,牢獄,とらわれる,2.0,2.0,2.0,2.0,記憶[SEP]牢獄[SEP]とらわれる,2
1066,山,障害物,越える,2.0,2.0,1.0,2.0,山[SEP]障害物[SEP]越える,2
1067,太陽,電球,明るいもの,1.0,1.0,1.0,1.0,太陽[SEP]電球[SEP]明るいもの,1
1077,ダイヤモンド,雪片,キラキラしてるもの,1.0,1.0,1.0,1.0,ダイヤモンド[SEP]雪片[SEP]キラキラしてるもの,1
1078,道,川,幅があるもの,1.0,1.0,1.0,1.0,道[SEP]川[SEP]幅があるもの,1
1079,紙,葉っぱ,植物のもの,2.0,2.0,2.0,2.0,紙[SEP]葉っぱ[SEP]植物のもの,1
1085,時間,川,不可逆変化,1.0,1.0,1.0,0.0,時間[SEP]川[SEP]不可逆変化,2
1086,酒場,教会,飲みの場所,0.0,0.0,0.0,0.0,酒場[SEP]教会[SEP]飲みの場所,1
1087,山頂,針,形が似ている,0.0,0.0,1.0,0.0,山頂[SEP]針[SEP]形が似ている,1
1088,輪っか,ネックレス,形が似ている,1.0,1.0,1.0,1.0,輪っか[SEP]ネックレス[SEP]形が似ている,1
1089,山,障害物,乗り越えなければならないもの,2.0,2.0,2.0,2.0,山[SEP]障害物[SEP]乗り越えなければならないもの,2
1095,記憶,牢獄,どちらも悲しい部分がある,1.0,1.0,1.0,0.0,記憶[SEP]牢獄[SEP]どちらも悲しい部分がある,0
1098,美術館,墓,悲しい気持ちを伝えている,0.0,0.0,0.0,0.0,美術館[SEP]墓[SEP]悲しい気持ちを伝えている,1
1100,ダイヤモンド,雪片,太陽光に反射してキラキラ光っている,1.0,1.0,1.0,1.0,ダイヤモンド[SEP]雪片[SEP]太陽光に反射してキラキラ光っている,1
1111,輪っか,ネックレス,首にかけるもの,1.0,1.0,1.0,1.0,輪っか[SEP]ネックレス[SEP]首にかけるもの,1
1112,山,障害物,移動が困難,1.0,1.0,1.0,1.0,山[SEP]障害物[SEP]移動が困難,1
1117,理論,建物,正しくないと崩壊する,1.0,0.0,1.0,0.0,理論[SEP]建物[SEP]正しくないと崩壊する,1
1120,思考,網,めぐらす,2.0,2.0,2.0,2.0,思考[SEP]網[SEP]めぐらす,2
1121,美術館,墓,死んだ人の遺物がある場所,2.0,2.0,2.0,1.0,美術館[SEP]墓[SEP]死んだ人の遺物がある場所,1
1124,道,川,人または水の通路,2.0,2.0,2.0,2.0,道[SEP]川[SEP]人または水の通路,2
1132,酒場,教会,建造物,1.0,1.0,1.0,1.0,酒場[SEP]教会[SEP]建造物,2
1135,山,障害物,乗り越えるものとして,2.0,2.0,1.0,2.0,山[SEP]障害物[SEP]乗り越えるものとして,2
1143,思考,網,どちらもいろいろな線で組み合わされる,1.0,1.0,1.0,0.0,思考[SEP]網[SEP]どちらもいろいろな線で組み合わされる,1
1157,輪っか,ネックレス,円形を成す,2.0,2.0,2.0,2.0,輪っか[SEP]ネックレス[SEP]円形を成す,2
1158,山,障害物,隔たりを生む,1.0,1.0,1.0,1.0,山[SEP]障害物[SEP]隔たりを生む,1
1159,太陽,電球,明かりを照らす,2.0,2.0,2.0,2.0,太陽[SEP]電球[SEP]明かりを照らす,2
1164,記憶,牢獄,人が囚われる,2.0,2.0,2.0,2.0,記憶[SEP]牢獄[SEP]人が囚われる,2
1167,美術館,墓,人が訪れそこにあるものへ静かに思いを馳せる,1.0,1.0,1.0,1.0,美術館[SEP]墓[SEP]人が訪れそこにあるものへ静かに思いを馳せる,1
1168,みかん,ボール,人の手に収まる球体,2.0,2.0,2.0,2.0,みかん[SEP]ボール[SEP]人の手に収まる球体,2
1171,紙,葉っぱ,平べったく軽量,1.0,1.0,1.0,1.0,紙[SEP]葉っぱ[SEP]平べったく軽量,1
1180,輪っか,ネックレス,結び目がないもの,1.0,0.0,1.0,0.0,輪っか[SEP]ネックレス[SEP]結び目がないもの,1
1183,愛,薬物,危険なもの,1.0,1.0,1.0,1.0,愛[SEP]薬物[SEP]危険なもの,1
1184,結婚,合金,結ばれている,2.0,1.0,1.0,2.0,結婚[SEP]合金[SEP]結ばれている,2
1215,ダイヤモンド,雪片,結晶化した物,2.0,2.0,2.0,2.0,ダイヤモンド[SEP]雪片[SEP]結晶化した物,2
1216,道,川,通過させる物,2.0,2.0,2.0,0.0,道[SEP]川[SEP]通過させる物,1
1227,山,障害物,飛び出ている,0.0,1.0,1.0,1.0,山[SEP]障害物[SEP]飛び出ている,0
1239,道,川,流れがある,1.0,1.0,1.0,1.0,道[SEP]川[SEP]流れがある,1
1246,時間,川,流れている,2.0,2.0,2.0,2.0,時間[SEP]川[SEP]流れている,2
1247,酒場,教会,仄暗い,1.0,1.0,0.0,0.0,酒場[SEP]教会[SEP]仄暗い,1
1252,愛,薬物,心と体を癒す,1.0,1.0,1.0,1.0,愛[SEP]薬物[SEP]心と体を癒す,1
1256,記憶,牢獄,囚われて抜け出せない,2.0,2.0,2.0,2.0,記憶[SEP]牢獄[SEP]囚われて抜け出せない,2
1276,結婚,合金,硬くつながっている,2.0,1.0,1.0,1.0,結婚[SEP]合金[SEP]硬くつながっている,2
1296,山,障害物,立ちふさがるもの,2.0,2.0,2.0,2.0,山[SEP]障害物[SEP]立ちふさがるもの,2
1308,道,川,長く伸びている,1.0,1.0,1.0,1.0,道[SEP]川[SEP]長く伸びている,1
1317,山頂,針,縫う,0.0,0.0,1.0,0.0,山頂[SEP]針[SEP]縫う,1
1318,輪っか,ネックレス,連なる,0.0,0.0,1.0,1.0,輪っか[SEP]ネックレス[SEP]連なる,2
1320,太陽,電球,明るさ,1.0,1.0,1.0,1.0,太陽[SEP]電球[SEP]明るさ,1
1324,理論,建物,順序がある,1.0,0.0,1.0,0.0,理論[SEP]建物[SEP]順序がある,1
1331,道,川,国のもの,0.0,0.0,0.0,0.0,道[SEP]川[SEP]国のもの,1
1332,紙,葉っぱ,パピルス,2.0,0.0,0.0,0.0,紙[SEP]葉っぱ[SEP]パピルス,0
1343,太陽,電球,どちらも明るい,1.0,1.0,1.0,1.0,太陽[SEP]電球[SEP]どちらも明るい,1
1362,酒場,教会,仲間,0.0,1.0,0.0,0.0,酒場[SEP]教会[SEP]仲間,0
1369,剣,拳銃,争い,0.0,0.0,0.0,1.0,剣[SEP]拳銃[SEP]争い,0
1390,愛,薬物,効く,0.0,1.0,0.0,1.0,愛[SEP]薬物[SEP]効く,1
1398,みかん,ボール,転がる,1.0,1.0,1.0,1.0,みかん[SEP]ボール[SEP]転がる,1
1401,紙,葉っぱ,一枚,0.0,0.0,0.0,0.0,紙[SEP]葉っぱ[SEP]一枚,1
1402,会社,木,広がる,1.0,1.0,1.0,0.0,会社[SEP]木[SEP]広がる,0
1406,鳥,飛行機,飛んでいるから似ている,2.0,2.0,2.0,2.0,鳥[SEP]飛行機[SEP]飛んでいるから似ている,2
1407,時間,川,流れいるから似ている,2.0,2.0,2.0,2.0,時間[SEP]川[SEP]流れいるから似ている,2
1408,酒場,教会,まったく似ていないと思う,0.0,0.0,0.0,0.0,酒場[SEP]教会[SEP]まったく似ていないと思う,1
1412,太陽,電球,光があるから似ている,2.0,1.0,1.0,2.0,太陽[SEP]電球[SEP]光があるから似ている,2
1414,結婚,合金,似ているとは思えない,0.0,0.0,0.0,0.0,結婚[SEP]合金[SEP]似ているとは思えない,1
1415,剣,拳銃,武器だから似ている,2.0,2.0,2.0,2.0,剣[SEP]拳銃[SEP]武器だから似ている,2
1416,理論,建物,特に似ているとは思えない,0.0,0.0,0.0,0.0,理論[SEP]建物[SEP]特に似ているとは思えない,1
1417,記憶,牢獄,閉じ込めるという意味で似ている,2.0,2.0,2.0,2.0,記憶[SEP]牢獄[SEP]閉じ込めるという意味で似ている,2
1418,なぞなぞ,迷宮,頭を使うから似ている,1.0,1.0,1.0,1.0,なぞなぞ[SEP]迷宮[SEP]頭を使うから似ている,1
1420,美術館,墓,特に似ているとは思えない,0.0,0.0,0.0,0.0,美術館[SEP]墓[SEP]特に似ているとは思えない,1
1423,道,川,特に似ているとは思えない,0.0,0.0,0.0,0.0,道[SEP]川[SEP]特に似ているとは思えない,1
1424,紙,葉っぱ,木からできているから似ている,2.0,2.0,2.0,2.0,紙[SEP]葉っぱ[SEP]木からできているから似ている,2
1425,会社,木,特に似ているとは思えない,0.0,0.0,0.0,0.0,会社[SEP]木[SEP]特に似ているとは思えない,1
1433,輪っか,ネックレス,どちらも円環状になっている,2.0,2.0,2.0,2.0,輪っか[SEP]ネックレス[SEP]どちらも円環状になっている,2
1435,太陽,電球,どちらも光り輝く物体である,1.0,1.0,1.0,1.0,太陽[SEP]電球[SEP]どちらも光り輝く物体である,2
1438,剣,拳銃,何かを破壊したり攻撃したりするために生まれた道具である,1.0,2.0,2.0,1.0,剣[SEP]拳銃[SEP]何かを破壊したり攻撃したりするために生まれた道具である,1
1441,なぞなぞ,迷宮,一度迷い込んでしまうとなかなか出る事が出来なくなるもの,2.0,2.0,2.0,2.0,なぞなぞ[SEP]迷宮[SEP]一度迷い込んでしまうとなかなか出る事が出来なくなるもの,1
1448,会社,木,芯がしっかりしていればどんどん太く大きくなっていくもの,1.0,1.0,1.0,1.0,会社[SEP]木[SEP]芯がしっかりしていればどんどん太く大きくなっていくもの,1
1455,山頂,針,先端である,1.0,1.0,1.0,1.0,山頂[SEP]針[SEP]先端である,1
1456,輪っか,ネックレス,一周して閉じられている,1.0,1.0,1.0,2.0,輪っか[SEP]ネックレス[SEP]一周して閉じられている,2
1470,紙,葉っぱ,燃やすことができる,1.0,1.0,1.0,1.0,紙[SEP]葉っぱ[SEP]燃やすことができる,1
1477,酒場,教会,どちらも集会が行われる,2.0,2.0,2.0,2.0,酒場[SEP]教会[SEP]どちらも集会が行われる,1
1483,結婚,合金,どちらも手に入れると幸福感に満たされる,1.0,0.0,1.0,0.0,結婚[SEP]合金[SEP]どちらも手に入れると幸福感に満たされる,1
1487,なぞなぞ,迷宮,どちらも考えなければ答えが出ない,2.0,2.0,2.0,2.0,なぞなぞ[SEP]迷宮[SEP]どちらも考えなければ答えが出ない,2
1500,酒場,教会,結婚式,0.0,1.0,1.0,0.0,酒場[SEP]教会[SEP]結婚式,0
1501,山頂,針,時計,0.0,0.0,0.0,0.0,山頂[SEP]針[SEP]時計,0
1509,記憶,牢獄,トラウマ,1.0,1.0,1.0,1.0,記憶[SEP]牢獄[SEP]トラウマ,1
1511,思考,網,メカニズム,0.0,0.0,1.0,0.0,思考[SEP]網[SEP]メカニズム,0
1512,美術館,墓,埋蔵,0.0,2.0,2.0,0.0,美術館[SEP]墓[SEP]埋蔵,1
1513,みかん,ボール,段ボール,0.0,0.0,0.0,0.0,みかん[SEP]ボール[SEP]段ボール,2
1514,ダイヤモンド,雪片,ダイヤモンドダスト,0.0,0.0,0.0,0.0,ダイヤモンド[SEP]雪片[SEP]ダイヤモンドダスト,1
1516,紙,葉っぱ,葉巻,0.0,0.0,0.0,0.0,紙[SEP]葉っぱ[SEP]葉巻,1
1517,会社,木,株式,0.0,0.0,0.0,0.0,会社[SEP]木[SEP]株式,0
1524,山頂,針,鋭利になっている,1.0,1.0,1.0,1.0,山頂[SEP]針[SEP]鋭利になっている,2
1525,輪っか,ネックレス,掛けられる,1.0,1.0,1.0,1.0,輪っか[SEP]ネックレス[SEP]掛けられる,1
1527,太陽,電球,暗闇を照らす,2.0,2.0,2.0,2.0,太陽[SEP]電球[SEP]暗闇を照らす,2
1528,愛,薬物,不安感が和らぐ,1.0,1.0,1.0,0.0,愛[SEP]薬物[SEP]不安感が和らぐ,1
1535,美術館,墓,静まり返っている,1.0,1.0,1.0,1.0,美術館[SEP]墓[SEP]静まり返っている,1
1540,会社,木,何かを取り込み何かを排出する,1.0,1.0,1.0,0.0,会社[SEP]木[SEP]何かを取り込み何かを排出する,1
1548,輪っか,ネックレス,丸くなるイメージ,2.0,2.0,2.0,2.0,輪っか[SEP]ネックレス[SEP]丸くなるイメージ,2
1551,愛,薬物,感覚を麻痺させるもの,1.0,1.0,1.0,1.0,愛[SEP]薬物[SEP]感覚を麻痺させるもの,2
1557,思考,網,どちらも連鎖して繋がっていく,1.0,2.0,1.0,1.0,思考[SEP]網[SEP]どちらも連鎖して繋がっていく,2
1581,美術館,墓,辿る,0.0,0.0,1.0,0.0,美術館[SEP]墓[SEP]辿る,1
1600,理論,建物,合理性,1.0,0.0,1.0,0.0,理論[SEP]建物[SEP]合理性,0
1614,時間,川,流れるなどの言葉が用いられる,2.0,2.0,2.0,2.0,時間[SEP]川[SEP]流れるなどの言葉が用いられる,2
1617,輪っか,ネックレス,円になる,2.0,2.0,2.0,2.0,輪っか[SEP]ネックレス[SEP]円になる,2
1620,愛,薬物,ドーパミンが出る,2.0,2.0,1.0,2.0,愛[SEP]薬物[SEP]ドーパミンが出る,2
1621,結婚,合金,寄り添ってできるもの,0.0,1.0,1.0,0.0,結婚[SEP]合金[SEP]寄り添ってできるもの,1
1622,剣,拳銃,攻撃できる,1.0,1.0,1.0,1.0,剣[SEP]拳銃[SEP]攻撃できる,1
1638,酒場,教会,場所,1.0,1.0,0.0,0.0,酒場[SEP]教会[SEP]場所,0
1641,山,障害物,でこぼこ,0.0,0.0,1.0,1.0,山[SEP]障害物[SEP]でこぼこ,1
1644,結婚,合金,輝く,1.0,0.0,1.0,1.0,結婚[SEP]合金[SEP]輝く,1
1645,剣,拳銃,鋭い,0.0,0.0,0.0,0.0,剣[SEP]拳銃[SEP]鋭い,0
1647,記憶,牢獄,時間,0.0,0.0,0.0,0.0,記憶[SEP]牢獄[SEP]時間,0
1649,思考,網,考える,0.0,1.0,0.0,0.0,思考[SEP]網[SEP]考える,1
1651,みかん,ボール,丸井,0.0,2.0,0.0,0.0,みかん[SEP]ボール[SEP]丸井,1
1655,会社,木,たっている,1.0,1.0,1.0,1.0,会社[SEP]木[SEP]たっている,1
1669,理論,建物,建設的,1.0,1.0,0.0,0.0,理論[SEP]建物[SEP]建設的,0
1670,記憶,牢獄,孤独,0.0,0.0,1.0,0.0,記憶[SEP]牢獄[SEP]孤独,1
1683,時間,川,ながれる,2.0,2.0,2.0,2.0,時間[SEP]川[SEP]ながれる,2
1685,山頂,針,せんたん,0.0,1.0,1.0,1.0,山頂[SEP]針[SEP]せんたん,1
1689,愛,薬物,もとめる,0.0,2.0,2.0,0.0,愛[SEP]薬物[SEP]もとめる,1
1691,剣,拳銃,うつ,0.0,0.0,1.0,0.0,剣[SEP]拳銃[SEP]うつ,0
1693,記憶,牢獄,かんがえる,0.0,0.0,0.0,0.0,記憶[SEP]牢獄[SEP]かんがえる,1
1708,山頂,針,先端が尖っている,2.0,2.0,2.0,2.0,山頂[SEP]針[SEP]先端が尖っている,2
1710,山,障害物,どちらも超えなければいけないもの,2.0,2.0,2.0,2.0,山[SEP]障害物[SEP]どちらも超えなければいけないもの,2
1712,愛,薬物,人を酔わせるもの,1.0,1.0,1.0,2.0,愛[SEP]薬物[SEP]人を酔わせるもの,1
1713,結婚,合金,強い絆,0.0,1.0,0.0,0.0,結婚[SEP]合金[SEP]強い絆,1
1714,剣,拳銃,どちらも,0.0,0.0,0.0,0.0,剣[SEP]拳銃[SEP]どちらも,0
1717,なぞなぞ,迷宮,考えなければ解けないもの,2.0,2.0,2.0,2.0,なぞなぞ[SEP]迷宮[SEP]考えなければ解けないもの,2
1719,美術館,墓,大切なものが保管されている,2.0,2.0,2.0,2.0,美術館[SEP]墓[SEP]大切なものが保管されている,2
1721,ダイヤモンド,雪片,どちらも美しくキラキラしている,1.0,1.0,1.0,1.0,ダイヤモンド[SEP]雪片[SEP]どちらも美しくキラキラしている,1
1731,山頂,針,とんがっている,2.0,2.0,2.0,2.0,山頂[SEP]針[SEP]とんがっている,2
1747,会社,木,枝分かれする,2.0,2.0,2.0,2.0,会社[SEP]木[SEP]枝分かれする,2
1752,時間,川,流れるものである,2.0,2.0,2.0,2.0,時間[SEP]川[SEP]流れるものである,2
1753,酒場,教会,人が集まる場所である,2.0,2.0,2.0,2.0,酒場[SEP]教会[SEP]人が集まる場所である,2
1766,みかん,ボール,球状のものである,2.0,2.0,2.0,2.0,みかん[SEP]ボール[SEP]球状のものである,2
1781,愛,薬物,溺れてしまう,2.0,1.0,2.0,2.0,愛[SEP]薬物[SEP]溺れてしまう,2
1782,結婚,合金,ふたつの異質のものが結合する,2.0,2.0,2.0,2.0,結婚[SEP]合金[SEP]ふたつの異質のものが結合する,2
1788,美術館,墓,建物の印象が冷たい,1.0,0.0,0.0,0.0,美術館[SEP]墓[SEP]建物の印象が冷たい,1
1790,ダイヤモンド,雪片,形が六角形,2.0,1.0,0.0,0.0,ダイヤモンド[SEP]雪片[SEP]形が六角形,1
1797,鳥,飛行機,飛ぶことが出来る,2.0,2.0,2.0,2.0,鳥[SEP]飛行機[SEP]飛ぶことが出来る,2
1806,剣,拳銃,生物を傷つける,1.0,1.0,1.0,1.0,剣[SEP]拳銃[SEP]生物を傷つける,1
1816,会社,木,集まれば大きくなる,1.0,1.0,1.0,1.0,会社[SEP]木[SEP]集まれば大きくなる,1
1826,太陽,電球,明るく照らしてくれるもの,2.0,2.0,2.0,2.0,太陽[SEP]電球[SEP]明るく照らしてくれるもの,2
1828,結婚,合金,多くのお金を必要とするもの,1.0,0.0,1.0,1.0,結婚[SEP]合金[SEP]多くのお金を必要とするもの,1
1829,剣,拳銃,武器として使う物,2.0,2.0,2.0,2.0,剣[SEP]拳銃[SEP]武器として使う物,2
1832,なぞなぞ,迷宮,答えを見つけて解決していくもの,2.0,2.0,2.0,2.0,なぞなぞ[SEP]迷宮[SEP]答えを見つけて解決していくもの,2
1844,時間,川,止まらずに流れ続けるところ,2.0,2.0,2.0,2.0,時間[SEP]川[SEP]止まらずに流れ続けるところ,2
1845,酒場,教会,古い建物なところ,1.0,1.0,0.0,1.0,酒場[SEP]教会[SEP]古い建物なところ,1
1851,結婚,合金,お金がかかるところ,1.0,0.0,1.0,1.0,結婚[SEP]合金[SEP]お金がかかるところ,1
1855,なぞなぞ,迷宮,なかなか解けないところ,2.0,2.0,2.0,2.0,なぞなぞ[SEP]迷宮[SEP]なかなか解けないところ,2
1868,酒場,教会,懺悔する,1.0,1.0,0.0,0.0,酒場[SEP]教会[SEP]懺悔する,0
1879,思考,網,海,0.0,0.0,0.0,0.0,思考[SEP]網[SEP]海,0
1880,美術館,墓,考古学,0.0,0.0,1.0,1.0,美術館[SEP]墓[SEP]考古学,1
1883,道,川,海につながる,0.0,0.0,0.0,0.0,道[SEP]川[SEP]海につながる,1
1892,山頂,針,てっぺんがあるところ,1.0,0.0,1.0,0.0,山頂[SEP]針[SEP]てっぺんがあるところ,0
1905,ダイヤモンド,雪片,日に当たると輝くところ,1.0,1.0,1.0,1.0,ダイヤモンド[SEP]雪片[SEP]日に当たると輝くところ,1
1906,道,川,交通機関が流れるところ,2.0,2.0,1.0,2.0,道[SEP]川[SEP]交通機関が流れるところ,2
1908,会社,木,中心から枝葉にわかれて成り立っているところ,2.0,2.0,2.0,2.0,会社[SEP]木[SEP]中心から枝葉にわかれて成り立っているところ,2
1915,山頂,針,先が細い,1.0,2.0,1.0,1.0,山頂[SEP]針[SEP]先が細い,1
1917,山,障害物,のぼることが出来る,0.0,0.0,0.0,0.0,山[SEP]障害物[SEP]のぼることが出来る,2
1919,愛,薬物,中毒になる場合がる,2.0,2.0,2.0,2.0,愛[SEP]薬物[SEP]中毒になる場合がる,2
1920,結婚,合金,ひとつに合わさる,2.0,2.0,2.0,2.0,結婚[SEP]合金[SEP]ひとつに合わさる,2
1935,鳥,飛行機,空にある,1.0,1.0,1.0,1.0,鳥[SEP]飛行機[SEP]空にある,2
1936,時間,川,流れていく,2.0,2.0,2.0,2.0,時間[SEP]川[SEP]流れていく,2
1942,愛,薬物,虜になる,2.0,2.0,2.0,2.0,愛[SEP]薬物[SEP]虜になる,2
1945,理論,建物,基礎から成り立つ,2.0,2.0,2.0,2.0,理論[SEP]建物[SEP]基礎から成り立つ,2
1947,なぞなぞ,迷宮,深い闇,0.0,0.0,1.0,0.0,なぞなぞ[SEP]迷宮[SEP]深い闇,1
1951,ダイヤモンド,雪片,キレイ,1.0,1.0,1.0,1.0,ダイヤモンド[SEP]雪片[SEP]キレイ,1
1960,酒場,教会,集会,2.0,2.0,2.0,2.0,酒場[SEP]教会[SEP]集会,0
1966,結婚,合金,リング,1.0,0.0,1.0,1.0,結婚[SEP]合金[SEP]リング,1
1975,道,川,筋,1.0,1.0,1.0,1.0,道[SEP]川[SEP]筋,2
1988,愛,薬物,癒やす力を持つ,1.0,1.0,1.0,1.0,愛[SEP]薬物[SEP]癒やす力を持つ,1
1994,思考,網,細分化して張り巡らせる,2.0,2.0,2.0,2.0,思考[SEP]網[SEP]細分化して張り巡らせる,2
1996,みかん,ボール,球体をしている,2.0,2.0,2.0,2.0,みかん[SEP]ボール[SEP]球体をしている,2
1999,紙,葉っぱ,植物からできていて燃える,2.0,2.0,2.0,2.0,紙[SEP]葉っぱ[SEP]植物からできていて燃える,2
2004,鳥,飛行機,翼がある,1.0,1.0,1.0,1.0,鳥[SEP]飛行機[SEP]翼がある,1
2018,美術館,墓,どちらも静か,1.0,1.0,1.0,1.0,美術館[SEP]墓[SEP]どちらも静か,1
2032,山,障害物,危ない物があること,0.0,0.0,1.0,0.0,山[SEP]障害物[SEP]危ない物があること,1
2042,みかん,ボール,円形のもの,2.0,2.0,2.0,2.0,みかん[SEP]ボール[SEP]円形のもの,2
2058,結婚,合金,2組になる,0.0,0.0,0.0,0.0,結婚[SEP]合金[SEP]2組になる,0
2075,酒場,教会,説教がある,1.0,1.0,1.0,1.0,酒場[SEP]教会[SEP]説教がある,0
2078,山,障害物,行てを遮る,1.0,2.0,2.0,2.0,山[SEP]障害物[SEP]行てを遮る,2
2084,記憶,牢獄,困難である,0.0,1.0,0.0,0.0,記憶[SEP]牢獄[SEP]困難である,1
2088,みかん,ボール,球体になっている,2.0,2.0,2.0,2.0,みかん[SEP]ボール[SEP]球体になっている,2
2092,会社,木,構成される形状,2.0,2.0,2.0,0.0,会社[SEP]木[SEP]構成される形状,2
2096,鳥,飛行機,翼があって空を飛ぶことができる,2.0,2.0,2.0,2.0,鳥[SEP]飛行機[SEP]翼があって空を飛ぶことができる,2
2098,酒場,教会,人がたくさん集っている,2.0,2.0,2.0,2.0,酒場[SEP]教会[SEP]人がたくさん集っている,2
2100,輪っか,ネックレス,一つの円になる,2.0,2.0,2.0,2.0,輪っか[SEP]ネックレス[SEP]一つの円になる,2
2101,山,障害物,苦労して登る,1.0,1.0,0.0,1.0,山[SEP]障害物[SEP]苦労して登る,1
2106,理論,建物,バラバラだったものを筋道をつけて組み立てる,2.0,2.0,2.0,2.0,理論[SEP]建物[SEP]バラバラだったものを筋道をつけて組み立てる,2
2107,記憶,牢獄,鍵をかけてしまっておくことができる,1.0,1.0,1.0,1.0,記憶[SEP]牢獄[SEP]鍵をかけてしまっておくことができる,0
2109,思考,網,すり抜けていくものもあれば、引っかかるものもある,1.0,1.0,1.0,1.0,思考[SEP]網[SEP]すり抜けていくものもあれば、引っかかるものもある,2
2114,紙,葉っぱ,ひらひらしていて薄い,1.0,1.0,1.0,1.0,紙[SEP]葉っぱ[SEP]ひらひらしていて薄い,1
2127,結婚,合金,合う,2.0,2.0,2.0,2.0,結婚[SEP]合金[SEP]合う,2
2150,結婚,合金,合わせる,2.0,2.0,2.0,2.0,結婚[SEP]合金[SEP]合わせる,2
2151,剣,拳銃,向ける,1.0,0.0,1.0,0.0,剣[SEP]拳銃[SEP]向ける,0
2153,記憶,牢獄,捕まる,2.0,2.0,2.0,2.0,記憶[SEP]牢獄[SEP]捕まる,2
2155,思考,網,渡らせる,0.0,1.0,1.0,0.0,思考[SEP]網[SEP]渡らせる,2
2172,愛,薬物,患う,0.0,1.0,1.0,0.0,愛[SEP]薬物[SEP]患う,0
2176,記憶,牢獄,閉じ込められている,2.0,2.0,2.0,2.0,記憶[SEP]牢獄[SEP]閉じ込められている,2
2179,美術館,墓,歴史が眠る,2.0,1.0,2.0,1.0,美術館[SEP]墓[SEP]歴史が眠る,2
2182,道,川,繋がっている,1.0,1.0,1.0,1.0,道[SEP]川[SEP]繋がっている,1
2199,記憶,牢獄,韻が似ている,0.0,0.0,0.0,0.0,記憶[SEP]牢獄[SEP]韻が似ている,0
2203,みかん,ボール,丸い形として似ている,1.0,2.0,1.0,1.0,みかん[SEP]ボール[SEP]丸い形として似ている,1
2204,ダイヤモンド,雪片,輝くものとして似ている,1.0,1.0,1.0,1.0,ダイヤモンド[SEP]雪片[SEP]輝くものとして似ている,1
2215,輪っか,ネックレス,繋がっている,1.0,1.0,1.0,1.0,輪っか[SEP]ネックレス[SEP]繋がっている,1
2219,結婚,合金,異なったもの同士が合わさる,2.0,2.0,2.0,2.0,結婚[SEP]合金[SEP]異なったもの同士が合わさる,2
2227,ダイヤモンド,雪片,雪の結晶と似ている,2.0,2.0,0.0,2.0,ダイヤモンド[SEP]雪片[SEP]雪の結晶と似ている,2
2229,紙,葉っぱ,木から出来たもの,2.0,2.0,2.0,2.0,紙[SEP]葉っぱ[SEP]木から出来たもの,2
2230,会社,木,体系がある,2.0,2.0,1.0,0.0,会社[SEP]木[SEP]体系がある,0
2248,美術館,墓,人が残したもの,1.0,1.0,1.0,1.0,美術館[SEP]墓[SEP]人が残したもの,1
2261,輪っか,ネックレス,リング状,2.0,2.0,1.0,2.0,輪っか[SEP]ネックレス[SEP]リング状,2
2262,山,障害物,出っ張っているもの,0.0,1.0,1.0,1.0,山[SEP]障害物[SEP]出っ張っているもの,2
2271,美術館,墓,過去のものが収められている,2.0,2.0,2.0,2.0,美術館[SEP]墓[SEP]過去のものが収められている,2
2285,山,障害物,そびえ立つイメージ,2.0,0.0,1.0,1.0,山[SEP]障害物[SEP]そびえ立つイメージ,1
2293,思考,網,何かを捕えようとしている所,1.0,1.0,0.0,1.0,思考[SEP]網[SEP]何かを捕えようとしている所,1
2299,会社,木,役職の人数を整理すると似ている。,1.0,0.0,0.0,0.0,会社[SEP]木[SEP]役職の人数を整理すると似ている。,1
