level_0,index,word1,word2,answer,labels,text,kFold
0,0,鳥,飛行機,飛ぶ,2,鳥[SEP]飛行機[SEP]飛ぶ,0
1,1,鳥,飛行機,空を飛ぶ,2,鳥[SEP]飛行機[SEP]空を飛ぶ,0
2,2,鳥,飛行機,空を飛ぶことができる,2,鳥[SEP]飛行機[SEP]空を飛ぶことができる,0
3,3,鳥,飛行機,飛ぶことができる,2,鳥[SEP]飛行機[SEP]飛ぶことができる,0
4,4,鳥,飛行機,空中を移動する,2,鳥[SEP]飛行機[SEP]空中を移動する,0
5,5,鳥,飛行機,空中を移動することができる,2,鳥[SEP]飛行機[SEP]空中を移動することができる,0
6,6,鳥,飛行機,どちらも翼がある,1,鳥[SEP]飛行機[SEP]どちらも翼がある,0
7,7,鳥,飛行機,どちらも羽がある,1,鳥[SEP]飛行機[SEP]どちらも羽がある,0
8,8,鳥,飛行機,空で見つけられる,1,鳥[SEP]飛行機[SEP]空で見つけられる,0
9,9,鳥,飛行機,止められない,0,鳥[SEP]飛行機[SEP]止められない,0
10,10,鳥,飛行機,集合場所,0,鳥[SEP]飛行機[SEP]集合場所,0
11,11,鳥,飛行機,脳内物質を分泌させる,0,鳥[SEP]飛行機[SEP]脳内物質を分泌させる,0
12,12,鳥,飛行機,棒状,0,鳥[SEP]飛行機[SEP]棒状,0
13,13,剣,拳銃,武器,2,剣[SEP]拳銃[SEP]武器,0
14,14,剣,拳銃,対人兵器,2,剣[SEP]拳銃[SEP]対人兵器,0
15,15,剣,拳銃,武具,2,剣[SEP]拳銃[SEP]武具,0
16,16,剣,拳銃,危険だ,1,剣[SEP]拳銃[SEP]危険だ,0
17,17,剣,拳銃,持ち手がある,1,剣[SEP]拳銃[SEP]持ち手がある,0
18,18,剣,拳銃,人を傷つける,1,剣[SEP]拳銃[SEP]人を傷つける,0
19,19,剣,拳銃,攻撃するもの,1,剣[SEP]拳銃[SEP]攻撃するもの,0
20,20,剣,拳銃,殺す,1,剣[SEP]拳銃[SEP]殺す,0
21,21,剣,拳銃,殺す能力がある,1,剣[SEP]拳銃[SEP]殺す能力がある,0
22,22,剣,拳銃,身を守るもの,1,剣[SEP]拳銃[SEP]身を守るもの,0
23,23,剣,拳銃,凶器,1,剣[SEP]拳銃[SEP]凶器,0
24,24,剣,拳銃,他者を威嚇する,1,剣[SEP]拳銃[SEP]他者を威嚇する,0
25,25,剣,拳銃,取り扱いが危険,1,剣[SEP]拳銃[SEP]取り扱いが危険,0
26,26,剣,拳銃,登ることができる,0,剣[SEP]拳銃[SEP]登ることができる,0
27,27,剣,拳銃,進むのが困難,0,剣[SEP]拳銃[SEP]進むのが困難,0
28,28,剣,拳銃,行き先を塞ぐ,0,剣[SEP]拳銃[SEP]行き先を塞ぐ,0
29,29,剣,拳銃,平たい,0,剣[SEP]拳銃[SEP]平たい,0
30,30,剣,拳銃,隔てる,0,剣[SEP]拳銃[SEP]隔てる,0
31,31,剣,拳銃,頂点がある,0,剣[SEP]拳銃[SEP]頂点がある,0
32,32,みかん,ボール,円形,2,みかん[SEP]ボール[SEP]円形,0
33,33,みかん,ボール,球形,2,みかん[SEP]ボール[SEP]球形,0
34,34,みかん,ボール,球状,2,みかん[SEP]ボール[SEP]球状,0
35,35,みかん,ボール,球体,2,みかん[SEP]ボール[SEP]球体,0
36,36,みかん,ボール,丸い,1,みかん[SEP]ボール[SEP]丸い,0
37,37,みかん,ボール,縁がない,1,みかん[SEP]ボール[SEP]縁がない,0
38,38,みかん,ボール,大きさが似ている,1,みかん[SEP]ボール[SEP]大きさが似ている,0
39,39,みかん,ボール,形が似ている,1,みかん[SEP]ボール[SEP]形が似ている,0
40,40,みかん,ボール,転がる,1,みかん[SEP]ボール[SEP]転がる,0
41,41,みかん,ボール,手で持てる,1,みかん[SEP]ボール[SEP]手で持てる,0
42,42,みかん,ボール,真ん中に空白がある,0,みかん[SEP]ボール[SEP]真ん中に空白がある,0
43,43,みかん,ボール,硬い,0,みかん[SEP]ボール[SEP]硬い,0
44,44,みかん,ボール,2つの要素を合わせる,0,みかん[SEP]ボール[SEP]2つの要素を合わせる,0
45,45,みかん,ボール,探求する,0,みかん[SEP]ボール[SEP]探求する,0
46,46,みかん,ボール,人々が出逢う建物,0,みかん[SEP]ボール[SEP]人々が出逢う建物,0
47,47,太陽,電球,光を放つ,2,太陽[SEP]電球[SEP]光を放つ,0
48,48,太陽,電球,光を放出する,2,太陽[SEP]電球[SEP]光を放出する,0
49,49,太陽,電球,光を発する,2,太陽[SEP]電球[SEP]光を発する,0
50,50,太陽,電球,光をもたらす,2,太陽[SEP]電球[SEP]光をもたらす,0
51,51,太陽,電球,照らす,2,太陽[SEP]電球[SEP]照らす,0
52,52,太陽,電球,光源,2,太陽[SEP]電球[SEP]光源,0
53,53,太陽,電球,明かりとなるところ,2,太陽[SEP]電球[SEP]明かりとなるところ,0
54,54,太陽,電球,明るい,1,太陽[SEP]電球[SEP]明るい,0
55,55,太陽,電球,明るさを提供する,1,太陽[SEP]電球[SEP]明るさを提供する,0
56,56,太陽,電球,明るくできる,1,太陽[SEP]電球[SEP]明るくできる,0
57,57,太陽,電球,光り輝いている,1,太陽[SEP]電球[SEP]光り輝いている,0
58,58,太陽,電球,輝いている,1,太陽[SEP]電球[SEP]輝いている,0
59,59,太陽,電球,眩しい,1,太陽[SEP]電球[SEP]眩しい,0
60,60,太陽,電球,熱を持つ,1,太陽[SEP]電球[SEP]熱を持つ,0
61,61,太陽,電球,人々が出逢う建物,0,太陽[SEP]電球[SEP]人々が出逢う建物,0
62,62,太陽,電球,手繰り寄せる,0,太陽[SEP]電球[SEP]手繰り寄せる,0
63,63,太陽,電球,輝かしい,0,太陽[SEP]電球[SEP]輝かしい,0
64,64,太陽,電球,永遠だ,0,太陽[SEP]電球[SEP]永遠だ,0
65,65,太陽,電球,頭を使って解決できる,0,太陽[SEP]電球[SEP]頭を使って解決できる,0
66,66,太陽,電球,溺れることがある,0,太陽[SEP]電球[SEP]溺れることがある,0
67,67,太陽,電球,資産ができる,0,太陽[SEP]電球[SEP]資産ができる,0
68,68,紙,葉っぱ,平坦なシート,2,紙[SEP]葉っぱ[SEP]平坦なシート,0
69,69,紙,葉っぱ,薄いシート,2,紙[SEP]葉っぱ[SEP]薄いシート,0
70,70,紙,葉っぱ,植物,2,紙[SEP]葉っぱ[SEP]植物,0
71,71,紙,葉っぱ,木製,2,紙[SEP]葉っぱ[SEP]木製,0
72,72,紙,葉っぱ,木からできている,2,紙[SEP]葉っぱ[SEP]木からできている,0
73,73,紙,葉っぱ,食物繊維でできている,2,紙[SEP]葉っぱ[SEP]食物繊維でできている,0
74,74,紙,葉っぱ,セルロースでできている,2,紙[SEP]葉っぱ[SEP]セルロースでできている,0
75,75,紙,葉っぱ,引き裂ける,1,紙[SEP]葉っぱ[SEP]引き裂ける,0
76,76,紙,葉っぱ,千切れる,1,紙[SEP]葉っぱ[SEP]千切れる,0
77,77,紙,葉っぱ,折れ曲がる,1,紙[SEP]葉っぱ[SEP]折れ曲がる,0
78,78,紙,葉っぱ,ものを包める,1,紙[SEP]葉っぱ[SEP]ものを包める,0
79,79,紙,葉っぱ,軽い,1,紙[SEP]葉っぱ[SEP]軽い,0
80,80,紙,葉っぱ,脆い,1,紙[SEP]葉っぱ[SEP]脆い,0
81,81,紙,葉っぱ,薄い,1,紙[SEP]葉っぱ[SEP]薄い,0
82,82,紙,葉っぱ,平たい,1,紙[SEP]葉っぱ[SEP]平たい,0
83,83,紙,葉っぱ,燃えやすい,1,紙[SEP]葉っぱ[SEP]燃えやすい,0
84,84,紙,葉っぱ,書き込むことができる,1,紙[SEP]葉っぱ[SEP]書き込むことができる,0
85,85,紙,葉っぱ,連絡手段になる,1,紙[SEP]葉っぱ[SEP]連絡手段になる,0
86,86,紙,葉っぱ,トーラスに似ている,0,紙[SEP]葉っぱ[SEP]トーラスに似ている,0
87,87,紙,葉っぱ,説教する人がいる,0,紙[SEP]葉っぱ[SEP]説教する人がいる,0
88,88,紙,葉っぱ,眩しい,0,紙[SEP]葉っぱ[SEP]眩しい,0
89,89,紙,葉っぱ,どこかにつながっている,0,紙[SEP]葉っぱ[SEP]どこかにつながっている,0
90,90,紙,葉っぱ,引っかかる,0,紙[SEP]葉っぱ[SEP]引っかかる,0
91,91,紙,葉っぱ,張り巡らされている,0,紙[SEP]葉っぱ[SEP]張り巡らされている,0
92,92,紙,葉っぱ,どちらも羽がある,0,紙[SEP]葉っぱ[SEP]どちらも羽がある,0
93,93,紙,葉っぱ,貴重だ,0,紙[SEP]葉っぱ[SEP]貴重だ,0
94,94,紙,葉っぱ,依存性がある,0,紙[SEP]葉っぱ[SEP]依存性がある,0
95,95,山頂,針,先端が尖っている,2,山頂[SEP]針[SEP]先端が尖っている,0
96,96,山頂,針,尖っている,2,山頂[SEP]針[SEP]尖っている,0
97,97,山頂,針,先のとがっている,2,山頂[SEP]針[SEP]先のとがっている,0
98,98,山頂,針,凸型,2,山頂[SEP]針[SEP]凸型,0
99,99,山頂,針,とがり,2,山頂[SEP]針[SEP]とがり,0
100,100,山頂,針,鋭い,1,山頂[SEP]針[SEP]鋭い,0
101,101,山頂,針,棒状,1,山頂[SEP]針[SEP]棒状,0
102,102,山頂,針,突くことができる,1,山頂[SEP]針[SEP]突くことができる,0
103,103,山頂,針,先端が細い,1,山頂[SEP]針[SEP]先端が細い,0
104,104,山頂,針,頂点がある,1,山頂[SEP]針[SEP]頂点がある,0
105,105,山頂,針,建物,0,山頂[SEP]針[SEP]建物,0
106,106,山頂,針,飛ぶことができる,0,山頂[SEP]針[SEP]飛ぶことができる,0
107,107,山頂,針,飛ぶ,0,山頂[SEP]針[SEP]飛ぶ,0
108,108,山頂,針,継続的に通り過ぎる,0,山頂[SEP]針[SEP]継続的に通り過ぎる,0
109,109,山頂,針,続く,0,山頂[SEP]針[SEP]続く,0
110,110,道,川,交通路,2,道[SEP]川[SEP]交通路,0
111,111,道,川,小道,2,道[SEP]川[SEP]小道,0
112,112,道,川,移動できる,2,道[SEP]川[SEP]移動できる,0
113,113,道,川,進むことができる,2,道[SEP]川[SEP]進むことができる,0
114,114,道,川,渡ることができる,2,道[SEP]川[SEP]渡ることができる,0
115,115,道,川,ものを運ぶことができる,2,道[SEP]川[SEP]ものを運ぶことができる,0
116,116,道,川,交通手段,2,道[SEP]川[SEP]交通手段,0
117,117,道,川,動脈,2,道[SEP]川[SEP]動脈,0
118,118,道,川,どちらも流れる,1,道[SEP]川[SEP]どちらも流れる,0
119,119,道,川,連続する,1,道[SEP]川[SEP]連続する,0
120,120,道,川,続いている,1,道[SEP]川[SEP]続いている,0
121,121,道,川,長く続く,1,道[SEP]川[SEP]長く続く,0
122,122,道,川,長くて細い,1,道[SEP]川[SEP]長くて細い,0
123,123,道,川,どこかにつながっている,1,道[SEP]川[SEP]どこかにつながっている,0
124,124,道,川,筋になっている,1,道[SEP]川[SEP]筋になっている,0
125,125,道,川,真っ直ぐ,1,道[SEP]川[SEP]真っ直ぐ,0
126,126,道,川,幅が広い,1,道[SEP]川[SEP]幅が広い,0
127,127,道,川,曲がる,1,道[SEP]川[SEP]曲がる,0
128,128,道,川,自然にできる,1,道[SEP]川[SEP]自然にできる,0
129,129,道,川,山の間の谷にできる,1,道[SEP]川[SEP]山の間の谷にできる,0
130,130,道,川,ストレスにつながる,0,道[SEP]川[SEP]ストレスにつながる,0
131,131,道,川,2つの要素を一緒にする,0,道[SEP]川[SEP]2つの要素を一緒にする,0
132,132,道,川,建てるもの,0,道[SEP]川[SEP]建てるもの,0
133,133,道,川,制限する,0,道[SEP]川[SEP]制限する,0
134,134,道,川,遺物が収容されている,0,道[SEP]川[SEP]遺物が収容されている,0
135,135,道,川,囚われる,0,道[SEP]川[SEP]囚われる,0
136,136,道,川,先端が尖っている,0,道[SEP]川[SEP]先端が尖っている,0
137,137,道,川,殺す能力がある,0,道[SEP]川[SEP]殺す能力がある,0
138,138,道,川,首にかけられる,0,道[SEP]川[SEP]首にかけられる,0
139,139,道,川,飛ぶことができる,0,道[SEP]川[SEP]飛ぶことができる,0
140,140,愛,薬物,中毒性がある,2,愛[SEP]薬物[SEP]中毒性がある,0
141,141,愛,薬物,溺れることがある,2,愛[SEP]薬物[SEP]溺れることがある,0
142,142,愛,薬物,依存性がある,2,愛[SEP]薬物[SEP]依存性がある,0
143,143,愛,薬物,止められない,2,愛[SEP]薬物[SEP]止められない,0
144,144,愛,薬物,夢中になる,2,愛[SEP]薬物[SEP]夢中になる,0
145,145,愛,薬物,熱中させる,2,愛[SEP]薬物[SEP]熱中させる,0
146,146,愛,薬物,離れられない,2,愛[SEP]薬物[SEP]離れられない,0
147,147,愛,薬物,はまる,2,愛[SEP]薬物[SEP]はまる,0
148,148,愛,薬物,脳に影響を与える,2,愛[SEP]薬物[SEP]脳に影響を与える,0
149,149,愛,薬物,思考に影響を与える,2,愛[SEP]薬物[SEP]思考に影響を与える,0
150,150,愛,薬物,行動に影響を与える,2,愛[SEP]薬物[SEP]行動に影響を与える,0
151,151,愛,薬物,脳内物質を分泌させる,2,愛[SEP]薬物[SEP]脳内物質を分泌させる,0
152,152,愛,薬物,判断力を鈍らせる,2,愛[SEP]薬物[SEP]判断力を鈍らせる,0
153,153,愛,薬物,毒性がある,1,愛[SEP]薬物[SEP]毒性がある,0
154,154,愛,薬物,麻痺させる,1,愛[SEP]薬物[SEP]麻痺させる,0
155,155,愛,薬物,人を変える,1,愛[SEP]薬物[SEP]人を変える,0
156,156,愛,薬物,アドレナリンを与える,1,愛[SEP]薬物[SEP]アドレナリンを与える,0
157,157,愛,薬物,不合理なことをさせる,1,愛[SEP]薬物[SEP]不合理なことをさせる,0
158,158,愛,薬物,快感を与える,1,愛[SEP]薬物[SEP]快感を与える,0
159,159,愛,薬物,危険である,1,愛[SEP]薬物[SEP]危険である,0
160,160,愛,薬物,気持ちよくする,1,愛[SEP]薬物[SEP]気持ちよくする,0
161,161,愛,薬物,魅力がある,1,愛[SEP]薬物[SEP]魅力がある,0
162,162,愛,薬物,癒す,1,愛[SEP]薬物[SEP]癒す,0
163,163,愛,薬物,盲目になる,1,愛[SEP]薬物[SEP]盲目になる,0
164,164,愛,薬物,複数層からなる,0,愛[SEP]薬物[SEP]複数層からなる,0
165,165,愛,薬物,深いところにある,0,愛[SEP]薬物[SEP]深いところにある,0
166,166,愛,薬物,心の拠り所になる,0,愛[SEP]薬物[SEP]心の拠り所になる,0
167,167,愛,薬物,円形,0,愛[SEP]薬物[SEP]円形,0
168,168,愛,薬物,柔軟だ,0,愛[SEP]薬物[SEP]柔軟だ,0
169,169,愛,薬物,人々が出逢う建物,0,愛[SEP]薬物[SEP]人々が出逢う建物,0
170,170,愛,薬物,何かにつけることができる,0,愛[SEP]薬物[SEP]何かにつけることができる,0
171,171,愛,薬物,美しい,0,愛[SEP]薬物[SEP]美しい,0
172,172,愛,薬物,穏やかだ,0,愛[SEP]薬物[SEP]穏やかだ,0
173,173,愛,薬物,巡らされている,0,愛[SEP]薬物[SEP]巡らされている,0
174,174,愛,薬物,輝く,0,愛[SEP]薬物[SEP]輝く,0
175,175,愛,薬物,どちらも翼がある,0,愛[SEP]薬物[SEP]どちらも翼がある,0
176,176,山,障害物,乗り越えなければならない,2,山[SEP]障害物[SEP]乗り越えなければならない,0
177,177,山,障害物,超えなければならない,2,山[SEP]障害物[SEP]超えなければならない,0
178,178,山,障害物,乗り越えるのが難しい,2,山[SEP]障害物[SEP]乗り越えるのが難しい,0
179,179,山,障害物,越えるのが難しい,2,山[SEP]障害物[SEP]越えるのが難しい,0
180,180,山,障害物,進歩の障害だ,2,山[SEP]障害物[SEP]進歩の障害だ,0
181,181,山,障害物,進歩の障壁だ,2,山[SEP]障害物[SEP]進歩の障壁だ,0
182,182,山,障害物,邪魔になる,2,山[SEP]障害物[SEP]邪魔になる,0
183,183,山,障害物,行く手を阻む,2,山[SEP]障害物[SEP]行く手を阻む,0
184,184,山,障害物,立ちはだかる,2,山[SEP]障害物[SEP]立ちはだかる,0
185,185,山,障害物,行き先を塞ぐ,2,山[SEP]障害物[SEP]行き先を塞ぐ,0
186,186,山,障害物,苦労する,1,山[SEP]障害物[SEP]苦労する,0
187,187,山,障害物,進むのが難しい,1,山[SEP]障害物[SEP]進むのが難しい,0
188,188,山,障害物,進むのが険しい,1,山[SEP]障害物[SEP]進むのが険しい,0
189,189,山,障害物,進むのが困難,1,山[SEP]障害物[SEP]進むのが困難,0
190,190,山,障害物,大きい,1,山[SEP]障害物[SEP]大きい,0
191,191,山,障害物,高い,1,山[SEP]障害物[SEP]高い,0
192,192,山,障害物,隔てる,1,山[SEP]障害物[SEP]隔てる,0
193,193,山,障害物,視界を塞ぐ,1,山[SEP]障害物[SEP]視界を塞ぐ,0
194,194,山,障害物,壁,1,山[SEP]障害物[SEP]壁,0
195,195,山,障害物,いばらの道,1,山[SEP]障害物[SEP]いばらの道,0
196,196,山,障害物,融解する,0,山[SEP]障害物[SEP]融解する,0
197,197,山,障害物,尖っている,0,山[SEP]障害物[SEP]尖っている,0
198,198,山,障害物,歴史を知る,0,山[SEP]障害物[SEP]歴史を知る,0
199,199,山,障害物,根が腐るとおしまい,0,山[SEP]障害物[SEP]根が腐るとおしまい,0
200,200,山,障害物,行動に影響を与える,0,山[SEP]障害物[SEP]行動に影響を与える,0
201,201,山,障害物,持ち手がある,0,山[SEP]障害物[SEP]持ち手がある,0
202,202,山,障害物,走る,0,山[SEP]障害物[SEP]走る,0
203,203,山,障害物,凸型,0,山[SEP]障害物[SEP]凸型,0
204,204,山,障害物,2つの要素が結びつく,0,山[SEP]障害物[SEP]2つの要素が結びつく,0
205,205,山,障害物,遺物が収容されている,0,山[SEP]障害物[SEP]遺物が収容されている,0
206,206,輪っか,ネックレス,丸い,2,輪っか[SEP]ネックレス[SEP]丸い,0
207,207,輪っか,ネックレス,閉じた輪,2,輪っか[SEP]ネックレス[SEP]閉じた輪,0
208,208,輪っか,ネックレス,繋がった輪,2,輪っか[SEP]ネックレス[SEP]繋がった輪,0
209,209,輪っか,ネックレス,円形,2,輪っか[SEP]ネックレス[SEP]円形,0
210,210,輪っか,ネックレス,リング状,2,輪っか[SEP]ネックレス[SEP]リング状,0
211,211,輪っか,ネックレス,囲まれている,2,輪っか[SEP]ネックレス[SEP]囲まれている,0
212,212,輪っか,ネックレス,形が似ている,1,輪っか[SEP]ネックレス[SEP]形が似ている,0
213,213,輪っか,ネックレス,トーラスに似ている,1,輪っか[SEP]ネックレス[SEP]トーラスに似ている,0
214,214,輪っか,ネックレス,終わりがない,1,輪っか[SEP]ネックレス[SEP]終わりがない,0
215,215,輪っか,ネックレス,何かの周りを回る,1,輪っか[SEP]ネックレス[SEP]何かの周りを回る,0
216,216,輪っか,ネックレス,無限だ,1,輪っか[SEP]ネックレス[SEP]無限だ,0
217,217,輪っか,ネックレス,真ん中に空白がある,1,輪っか[SEP]ネックレス[SEP]真ん中に空白がある,0
218,218,輪っか,ネックレス,繋がっている,1,輪っか[SEP]ネックレス[SEP]繋がっている,0
219,219,輪っか,ネックレス,通すもの,1,輪っか[SEP]ネックレス[SEP]通すもの,0
220,220,輪っか,ネックレス,何かにつけることができる,1,輪っか[SEP]ネックレス[SEP]何かにつけることができる,0
221,221,輪っか,ネックレス,首にかけられる,1,輪っか[SEP]ネックレス[SEP]首にかけられる,0
222,222,輪っか,ネックレス,人間が設計している,0,輪っか[SEP]ネックレス[SEP]人間が設計している,0
223,223,輪っか,ネックレス,手で持てる,0,輪っか[SEP]ネックレス[SEP]手で持てる,0
224,224,輪っか,ネックレス,魅力がある,0,輪っか[SEP]ネックレス[SEP]魅力がある,0
225,225,輪っか,ネックレス,どちらも安らぎを提供するものだ,0,輪っか[SEP]ネックレス[SEP]どちらも安らぎを提供するものだ,0
226,226,輪っか,ネックレス,混乱する,0,輪っか[SEP]ネックレス[SEP]混乱する,0
227,227,輪っか,ネックレス,入り組んでいる,0,輪っか[SEP]ネックレス[SEP]入り組んでいる,0
228,228,輪っか,ネックレス,忘れたい過去がある,0,輪っか[SEP]ネックレス[SEP]忘れたい過去がある,0
229,229,輪っか,ネックレス,嫌な場所,0,輪っか[SEP]ネックレス[SEP]嫌な場所,0
230,230,なぞなぞ,迷宮,パズル,2,なぞなぞ[SEP]迷宮[SEP]パズル,0
231,231,なぞなぞ,迷宮,道筋がわかりにく,2,なぞなぞ[SEP]迷宮[SEP]道筋がわかりにく,0
232,232,なぞなぞ,迷宮,答えがわかりにくい,2,なぞなぞ[SEP]迷宮[SEP]答えがわかりにくい,0
233,233,なぞなぞ,迷宮,正解にたどりつきづらい,2,なぞなぞ[SEP]迷宮[SEP]正解にたどりつきづらい,0
234,234,なぞなぞ,迷宮,頭を使って解決できる,2,なぞなぞ[SEP]迷宮[SEP]頭を使って解決できる,0
235,235,なぞなぞ,迷宮,頭を使って答えを出す,2,なぞなぞ[SEP]迷宮[SEP]頭を使って答えを出す,0
236,236,なぞなぞ,迷宮,頭を使って答えを探す,2,なぞなぞ[SEP]迷宮[SEP]頭を使って答えを探す,0
237,237,なぞなぞ,迷宮,解決できる,2,なぞなぞ[SEP]迷宮[SEP]解決できる,0
238,238,なぞなぞ,迷宮,答えを探す,2,なぞなぞ[SEP]迷宮[SEP]答えを探す,0
239,239,なぞなぞ,迷宮,答えを出す,2,なぞなぞ[SEP]迷宮[SEP]答えを出す,0
240,240,なぞなぞ,迷宮,ハマったら抜け出せない,2,なぞなぞ[SEP]迷宮[SEP]ハマったら抜け出せない,0
241,241,なぞなぞ,迷宮,複雑だ,1,なぞなぞ[SEP]迷宮[SEP]複雑だ,0
242,242,なぞなぞ,迷宮,難しい,1,なぞなぞ[SEP]迷宮[SEP]難しい,0
243,243,なぞなぞ,迷宮,こんがらがっている,1,なぞなぞ[SEP]迷宮[SEP]こんがらがっている,0
244,244,なぞなぞ,迷宮,挑戦的だ,1,なぞなぞ[SEP]迷宮[SEP]挑戦的だ,0
245,245,なぞなぞ,迷宮,一筋縄ではいかない,1,なぞなぞ[SEP]迷宮[SEP]一筋縄ではいかない,0
246,246,なぞなぞ,迷宮,混乱する,1,なぞなぞ[SEP]迷宮[SEP]混乱する,0
247,247,なぞなぞ,迷宮,トリッキーだ,1,なぞなぞ[SEP]迷宮[SEP]トリッキーだ,0
248,248,なぞなぞ,迷宮,ミステリアスだ,1,なぞなぞ[SEP]迷宮[SEP]ミステリアスだ,0
249,249,なぞなぞ,迷宮,悩む,1,なぞなぞ[SEP]迷宮[SEP]悩む,0
250,250,なぞなぞ,迷宮,迷う,1,なぞなぞ[SEP]迷宮[SEP]迷う,0
251,251,なぞなぞ,迷宮,頭を使う,1,なぞなぞ[SEP]迷宮[SEP]頭を使う,0
252,252,なぞなぞ,迷宮,解読する,1,なぞなぞ[SEP]迷宮[SEP]解読する,0
253,253,なぞなぞ,迷宮,探求する,1,なぞなぞ[SEP]迷宮[SEP]探求する,0
254,254,なぞなぞ,迷宮,進むのが険しい,0,なぞなぞ[SEP]迷宮[SEP]進むのが険しい,0
255,255,なぞなぞ,迷宮,奥底にある,0,なぞなぞ[SEP]迷宮[SEP]奥底にある,0
256,256,なぞなぞ,迷宮,トーラスに似ている,0,なぞなぞ[SEP]迷宮[SEP]トーラスに似ている,0
257,257,なぞなぞ,迷宮,飛ぶことができる,0,なぞなぞ[SEP]迷宮[SEP]飛ぶことができる,0
258,258,なぞなぞ,迷宮,苦痛だ,0,なぞなぞ[SEP]迷宮[SEP]苦痛だ,0
259,259,なぞなぞ,迷宮,どちらも流れる,0,なぞなぞ[SEP]迷宮[SEP]どちらも流れる,0
260,260,なぞなぞ,迷宮,根を張る,0,なぞなぞ[SEP]迷宮[SEP]根を張る,0
261,261,なぞなぞ,迷宮,無限だ,0,なぞなぞ[SEP]迷宮[SEP]無限だ,0
262,262,なぞなぞ,迷宮,屋台骨を持つ,0,なぞなぞ[SEP]迷宮[SEP]屋台骨を持つ,0
263,263,なぞなぞ,迷宮,柔軟だ,0,なぞなぞ[SEP]迷宮[SEP]柔軟だ,0
264,264,なぞなぞ,迷宮,平坦なシート,0,なぞなぞ[SEP]迷宮[SEP]平坦なシート,0
265,265,なぞなぞ,迷宮,筋になっている,0,なぞなぞ[SEP]迷宮[SEP]筋になっている,0
266,266,時間,川,一方向に流れる,2,時間[SEP]川[SEP]一方向に流れる,0
267,267,時間,川,常に通り過ぎる,2,時間[SEP]川[SEP]常に通り過ぎる,0
268,268,時間,川,継続的に通り過ぎる,2,時間[SEP]川[SEP]継続的に通り過ぎる,0
269,269,時間,川,常に向かっていく,2,時間[SEP]川[SEP]常に向かっていく,0
270,270,時間,川,常に前進する,2,時間[SEP]川[SEP]常に前進する,0
271,271,時間,川,常に流れる,2,時間[SEP]川[SEP]常に流れる,0
272,272,時間,川,継続的に前進する,2,時間[SEP]川[SEP]継続的に前進する,0
273,273,時間,川,継続的に流れる,2,時間[SEP]川[SEP]継続的に流れる,0
274,274,時間,川,動き続ける,2,時間[SEP]川[SEP]動き続ける,0
275,275,時間,川,連続する,1,時間[SEP]川[SEP]連続する,0
276,276,時間,川,止められない,1,時間[SEP]川[SEP]止められない,0
277,277,時間,川,不可抗力,1,時間[SEP]川[SEP]不可抗力,0
278,278,時間,川,終わらない,1,時間[SEP]川[SEP]終わらない,0
279,279,時間,川,果てしない,1,時間[SEP]川[SEP]果てしない,0
280,280,時間,川,永遠だ,1,時間[SEP]川[SEP]永遠だ,0
281,281,時間,川,走っている,1,時間[SEP]川[SEP]走っている,0
282,282,時間,川,走る,1,時間[SEP]川[SEP]走る,0
283,283,時間,川,穏やか,1,時間[SEP]川[SEP]穏やか,0
284,284,時間,川,神秘的だ,1,時間[SEP]川[SEP]神秘的だ,0
285,285,時間,川,速い,1,時間[SEP]川[SEP]速い,0
286,286,時間,川,続く,1,時間[SEP]川[SEP]続く,0
287,287,時間,川,脳内物質を分泌させる,0,時間[SEP]川[SEP]脳内物質を分泌させる,0
288,288,時間,川,危険である,0,時間[SEP]川[SEP]危険である,0
289,289,時間,川,球状,0,時間[SEP]川[SEP]球状,0
290,290,時間,川,何かにつけることができる,0,時間[SEP]川[SEP]何かにつけることができる,0
291,291,時間,川,輝かしい,0,時間[SEP]川[SEP]輝かしい,0
292,292,時間,川,過去のものが収蔵されている,0,時間[SEP]川[SEP]過去のものが収蔵されている,0
293,293,時間,川,出てくるところ,0,時間[SEP]川[SEP]出てくるところ,0
294,294,時間,川,快感を与える,0,時間[SEP]川[SEP]快感を与える,0
295,295,時間,川,武具,0,時間[SEP]川[SEP]武具,0
296,296,時間,川,人を傷つける,0,時間[SEP]川[SEP]人を傷つける,0
297,297,会社,木,階層構造を持つ,2,会社[SEP]木[SEP]階層構造を持つ,0
298,298,会社,木,ボトムアップ構造を持つ,2,会社[SEP]木[SEP]ボトムアップ構造を持つ,0
299,299,会社,木,階層的だ,2,会社[SEP]木[SEP]階層的だ,0
300,300,会社,木,組織的だ,2,会社[SEP]木[SEP]組織的だ,0
301,301,会社,木,分岐している,2,会社[SEP]木[SEP]分岐している,0
302,302,会社,木,枝葉がついている,2,会社[SEP]木[SEP]枝葉がついている,0
303,303,会社,木,枝状になっている,2,会社[SEP]木[SEP]枝状になっている,0
304,304,会社,木,枝分かれしている,2,会社[SEP]木[SEP]枝分かれしている,0
305,305,会社,木,どちらも成長する,1,会社[SEP]木[SEP]どちらも成長する,0
306,306,会社,木,強い基盤を持つ,1,会社[SEP]木[SEP]強い基盤を持つ,0
307,307,会社,木,土台を持つ,1,会社[SEP]木[SEP]土台を持つ,0
308,308,会社,木,屋台骨を持つ,1,会社[SEP]木[SEP]屋台骨を持つ,0
309,309,会社,木,小さいところから始まる,1,会社[SEP]木[SEP]小さいところから始まる,0
310,310,会社,木,登ることができる,1,会社[SEP]木[SEP]登ることができる,0
311,311,会社,木,水準を持つ,1,会社[SEP]木[SEP]水準を持つ,0
312,312,会社,木,根が腐るとおしまい,1,会社[SEP]木[SEP]根が腐るとおしまい,0
313,313,会社,木,根が大事,1,会社[SEP]木[SEP]根が大事,0
314,314,会社,木,根を張る,1,会社[SEP]木[SEP]根を張る,0
315,315,会社,木,そびえ立つ,1,会社[SEP]木[SEP]そびえ立つ,0
316,316,会社,木,立つ,1,会社[SEP]木[SEP]立つ,0
317,317,会社,木,そこにある,1,会社[SEP]木[SEP]そこにある,0
318,318,会社,木,倒れる,1,会社[SEP]木[SEP]倒れる,0
319,319,会社,木,長続きする,1,会社[SEP]木[SEP]長続きする,0
320,320,会社,木,なくてはならない,1,会社[SEP]木[SEP]なくてはならない,0
321,321,会社,木,場所が固定されている,1,会社[SEP]木[SEP]場所が固定されている,0
322,322,会社,木,人が育てる,1,会社[SEP]木[SEP]人が育てる,0
323,323,会社,木,人が支える,1,会社[SEP]木[SEP]人が支える,0
324,324,会社,木,拠り所,1,会社[SEP]木[SEP]拠り所,0
325,325,会社,木,生活を支える,1,会社[SEP]木[SEP]生活を支える,0
326,326,会社,木,個体が集まってできる,1,会社[SEP]木[SEP]個体が集まってできる,0
327,327,会社,木,伸びる,1,会社[SEP]木[SEP]伸びる,0
328,328,会社,木,進むのが難しい,0,会社[SEP]木[SEP]進むのが難しい,0
329,329,会社,木,閉鎖的だ,0,会社[SEP]木[SEP]閉鎖的だ,0
330,330,会社,木,依存性がある,0,会社[SEP]木[SEP]依存性がある,0
331,331,会社,木,開発に時間がかかる,0,会社[SEP]木[SEP]開発に時間がかかる,0
332,332,会社,木,美しい,0,会社[SEP]木[SEP]美しい,0
333,333,会社,木,常に前進する,0,会社[SEP]木[SEP]常に前進する,0
334,334,会社,木,嫌な場所,0,会社[SEP]木[SEP]嫌な場所,0
335,335,会社,木,しっかり考えないと完成しない,0,会社[SEP]木[SEP]しっかり考えないと完成しない,0
336,336,会社,木,光源,0,会社[SEP]木[SEP]光源,0
337,337,会社,木,凸型,0,会社[SEP]木[SEP]凸型,0
338,338,会社,木,どちらも羽がある,0,会社[SEP]木[SEP]どちらも羽がある,0
339,339,会社,木,遺産が眠る,0,会社[SEP]木[SEP]遺産が眠る,0
340,340,会社,木,目がある,0,会社[SEP]木[SEP]目がある,0
341,341,会社,木,魅力がある,0,会社[SEP]木[SEP]魅力がある,0
342,342,会社,木,輝いている,0,会社[SEP]木[SEP]輝いている,0
343,343,酒場,教会,公共の建物,2,酒場[SEP]教会[SEP]公共の建物,0
344,344,酒場,教会,人々が集まる建物,2,酒場[SEP]教会[SEP]人々が集まる建物,0
345,345,酒場,教会,人々が集う建物,2,酒場[SEP]教会[SEP]人々が集う建物,0
346,346,酒場,教会,人々が出逢う建物,2,酒場[SEP]教会[SEP]人々が出逢う建物,0
347,347,酒場,教会,人々が交流する建物,2,酒場[SEP]教会[SEP]人々が交流する建物,0
348,348,酒場,教会,集合場所,2,酒場[SEP]教会[SEP]集合場所,0
349,349,酒場,教会,人々の受け皿になる,2,酒場[SEP]教会[SEP]人々の受け皿になる,0
350,350,酒場,教会,受け入れてくれる,2,酒場[SEP]教会[SEP]受け入れてくれる,0
351,351,酒場,教会,建物,1,酒場[SEP]教会[SEP]建物,0
352,352,酒場,教会,構造物,1,酒場[SEP]教会[SEP]構造物,0
353,353,酒場,教会,シェルター,1,酒場[SEP]教会[SEP]シェルター,0
354,354,酒場,教会,どちらも安らぎを提供するものだ,1,酒場[SEP]教会[SEP]どちらも安らぎを提供するものだ,0
355,355,酒場,教会,どちらも快適さを提供するものだ,1,酒場[SEP]教会[SEP]どちらも快適さを提供するものだ,0
356,356,酒場,教会,どちらも安全を提供するものだ,1,酒場[SEP]教会[SEP]どちらも安全を提供するものだ,0
357,357,酒場,教会,心の拠り所になる,1,酒場[SEP]教会[SEP]心の拠り所になる,0
358,358,酒場,教会,穏やかだ,1,酒場[SEP]教会[SEP]穏やかだ,0
359,359,酒場,教会,RPGに出てくる,1,酒場[SEP]教会[SEP]RPGに出てくる,0
360,360,酒場,教会,説教する人がいる,1,酒場[SEP]教会[SEP]説教する人がいる,0
361,361,酒場,教会,楽しい,1,酒場[SEP]教会[SEP]楽しい,0
362,362,酒場,教会,ストレスを解消できる,1,酒場[SEP]教会[SEP]ストレスを解消できる,0
363,363,酒場,教会,ストレスを癒せる,1,酒場[SEP]教会[SEP]ストレスを癒せる,0
364,364,酒場,教会,本音が話せる,1,酒場[SEP]教会[SEP]本音が話せる,0
365,365,酒場,教会,通う,1,酒場[SEP]教会[SEP]通う,0
366,366,酒場,教会,人混み,1,酒場[SEP]教会[SEP]人混み,0
367,367,酒場,教会,のめり込む,1,酒場[SEP]教会[SEP]のめり込む,0
368,368,酒場,教会,手繰り寄せる,0,酒場[SEP]教会[SEP]手繰り寄せる,0
369,369,酒場,教会,首にかけられる,0,酒場[SEP]教会[SEP]首にかけられる,0
370,370,酒場,教会,骨組みがある,0,酒場[SEP]教会[SEP]骨組みがある,0
371,371,酒場,教会,ミステリアスだ,0,酒場[SEP]教会[SEP]ミステリアスだ,0
372,372,酒場,教会,登ることができる,0,酒場[SEP]教会[SEP]登ることができる,0
373,373,酒場,教会,脳に影響を与える,0,酒場[SEP]教会[SEP]脳に影響を与える,0
374,374,酒場,教会,歴史を知る,0,酒場[SEP]教会[SEP]歴史を知る,0
375,375,酒場,教会,空中を移動することができる,0,酒場[SEP]教会[SEP]空中を移動することができる,0
376,376,酒場,教会,光をもたらす,0,酒場[SEP]教会[SEP]光をもたらす,0
377,377,酒場,教会,とがり,0,酒場[SEP]教会[SEP]とがり,0
378,378,酒場,教会,複雑だ,0,酒場[SEP]教会[SEP]複雑だ,0
379,379,酒場,教会,制限する,0,酒場[SEP]教会[SEP]制限する,0
380,380,理論,建物,組織的な構造がある,2,理論[SEP]建物[SEP]組織的な構造がある,0
381,381,理論,建物,枠組みがある,2,理論[SEP]建物[SEP]枠組みがある,0
382,382,理論,建物,骨組みがある,2,理論[SEP]建物[SEP]骨組みがある,0
383,383,理論,建物,強固な基礎がある,2,理論[SEP]建物[SEP]強固な基礎がある,0
384,384,理論,建物,強固な基盤がある,2,理論[SEP]建物[SEP]強固な基盤がある,0
385,385,理論,建物,土台がしっかりしている,2,理論[SEP]建物[SEP]土台がしっかりしている,0
386,386,理論,建物,構築されなければならない,2,理論[SEP]建物[SEP]構築されなければならない,0
387,387,理論,建物,構築される,2,理論[SEP]建物[SEP]構築される,0
388,388,理論,建物,組み立てられる,2,理論[SEP]建物[SEP]組み立てられる,0
389,389,理論,建物,小さな部品を含む,1,理論[SEP]建物[SEP]小さな部品を含む,0
390,390,理論,建物,積み重ねることができる,1,理論[SEP]建物[SEP]積み重ねることができる,0
391,391,理論,建物,積み上げることができる,1,理論[SEP]建物[SEP]積み上げることができる,0
392,392,理論,建物,複雑だ,1,理論[SEP]建物[SEP]複雑だ,0
393,393,理論,建物,開発に時間がかかる,1,理論[SEP]建物[SEP]開発に時間がかかる,0
394,394,理論,建物,人間が設計している,1,理論[SEP]建物[SEP]人間が設計している,0
395,395,理論,建物,他のものによって支えられている,1,理論[SEP]建物[SEP]他のものによって支えられている,0
396,396,理論,建物,アイデアから生まれる,1,理論[SEP]建物[SEP]アイデアから生まれる,0
397,397,理論,建物,建てられる,1,理論[SEP]建物[SEP]建てられる,0
398,398,理論,建物,ごちゃごちゃしている,1,理論[SEP]建物[SEP]ごちゃごちゃしている,0
399,399,理論,建物,頭を使う,1,理論[SEP]建物[SEP]頭を使う,0
400,400,理論,建物,規則に従っている,1,理論[SEP]建物[SEP]規則に従っている,0
401,401,理論,建物,計算で成り立っている,1,理論[SEP]建物[SEP]計算で成り立っている,0
402,402,理論,建物,動かすことが難しい,1,理論[SEP]建物[SEP]動かすことが難しい,0
403,403,理論,建物,しっかり考えないと完成しない,1,理論[SEP]建物[SEP]しっかり考えないと完成しない,0
404,404,理論,建物,作ることができる,1,理論[SEP]建物[SEP]作ることができる,0
405,405,理論,建物,硬い,1,理論[SEP]建物[SEP]硬い,0
406,406,理論,建物,光沢がある,0,理論[SEP]建物[SEP]光沢がある,0
407,407,理論,建物,動き続ける,0,理論[SEP]建物[SEP]動き続ける,0
408,408,理論,建物,場所が固定されている,0,理論[SEP]建物[SEP]場所が固定されている,0
409,409,理論,建物,癒す,0,理論[SEP]建物[SEP]癒す,0
410,410,理論,建物,突くことができる,0,理論[SEP]建物[SEP]突くことができる,0
411,411,理論,建物,閉じ込める,0,理論[SEP]建物[SEP]閉じ込める,0
412,412,理論,建物,球形,0,理論[SEP]建物[SEP]球形,0
413,413,理論,建物,持ち手がある,0,理論[SEP]建物[SEP]持ち手がある,0
414,414,理論,建物,挑戦的だ,0,理論[SEP]建物[SEP]挑戦的だ,0
415,415,理論,建物,長く続く,0,理論[SEP]建物[SEP]長く続く,0
416,416,理論,建物,明るい,0,理論[SEP]建物[SEP]明るい,0
417,417,理論,建物,輝かしい,0,理論[SEP]建物[SEP]輝かしい,0
418,418,理論,建物,乗り越えなければならない,0,理論[SEP]建物[SEP]乗り越えなければならない,0
419,419,ダイヤモンド ,雪片,結晶構造,2,ダイヤモンド [SEP]雪片[SEP]結晶構造,0
420,420,ダイヤモンド ,雪片,多面的だ,2,ダイヤモンド [SEP]雪片[SEP]多面的だ,0
421,421,ダイヤモンド ,雪片,幾何学模様の繰り返しを含む,2,ダイヤモンド [SEP]雪片[SEP]幾何学模様の繰り返しを含む,0
422,422,ダイヤモンド ,雪片,きらめく,1,ダイヤモンド [SEP]雪片[SEP]きらめく,0
423,423,ダイヤモンド ,雪片,輝く,1,ダイヤモンド [SEP]雪片[SEP]輝く,0
424,424,ダイヤモンド ,雪片,キラキラしている,1,ダイヤモンド [SEP]雪片[SEP]キラキラしている,0
425,425,ダイヤモンド ,雪片,光沢がある,1,ダイヤモンド [SEP]雪片[SEP]光沢がある,0
426,426,ダイヤモンド ,雪片,光る,1,ダイヤモンド [SEP]雪片[SEP]光る,0
427,427,ダイヤモンド ,雪片,光を反射する,1,ダイヤモンド [SEP]雪片[SEP]光を反射する,0
428,428,ダイヤモンド ,雪片,ユニークだ,1,ダイヤモンド [SEP]雪片[SEP]ユニークだ,0
429,429,ダイヤモンド ,雪片,複雑だ,1,ダイヤモンド [SEP]雪片[SEP]複雑だ,0
430,430,ダイヤモンド ,雪片,半透明だ,1,ダイヤモンド [SEP]雪片[SEP]半透明だ,0
431,431,ダイヤモンド ,雪片,繊細だ,1,ダイヤモンド [SEP]雪片[SEP]繊細だ,0
432,432,ダイヤモンド ,雪片,儚い,1,ダイヤモンド [SEP]雪片[SEP]儚い,0
433,433,ダイヤモンド ,雪片,自然界の産物,1,ダイヤモンド [SEP]雪片[SEP]自然界の産物,0
434,434,ダイヤモンド ,雪片,美しい,1,ダイヤモンド [SEP]雪片[SEP]美しい,0
435,435,ダイヤモンド ,雪片,綺麗だ,1,ダイヤモンド [SEP]雪片[SEP]綺麗だ,0
436,436,ダイヤモンド ,雪片,眩しい,1,ダイヤモンド [SEP]雪片[SEP]眩しい,0
437,437,ダイヤモンド ,雪片,中毒性がある,0,ダイヤモンド [SEP]雪片[SEP]中毒性がある,0
438,438,ダイヤモンド ,雪片,RPGに出てくる,0,ダイヤモンド [SEP]雪片[SEP]RPGに出てくる,0
439,439,ダイヤモンド ,雪片,記念が保管されている,0,ダイヤモンド [SEP]雪片[SEP]記念が保管されている,0
440,440,ダイヤモンド ,雪片,殺す能力がある,0,ダイヤモンド [SEP]雪片[SEP]殺す能力がある,0
441,441,ダイヤモンド ,雪片,光り輝いている,0,ダイヤモンド [SEP]雪片[SEP]光り輝いている,0
442,442,ダイヤモンド ,雪片,記念が収容されている,0,ダイヤモンド [SEP]雪片[SEP]記念が収容されている,0
443,443,ダイヤモンド ,雪片,人が集まる,0,ダイヤモンド [SEP]雪片[SEP]人が集まる,0
444,444,ダイヤモンド ,雪片,広げることができる,0,ダイヤモンド [SEP]雪片[SEP]広げることができる,0
445,445,ダイヤモンド ,雪片,過去のものが収蔵されている,0,ダイヤモンド [SEP]雪片[SEP]過去のものが収蔵されている,0
446,446,記憶,牢獄,閉じ込める,2,記憶[SEP]牢獄[SEP]閉じ込める,0
447,447,記憶,牢獄,逃げられない,2,記憶[SEP]牢獄[SEP]逃げられない,0
448,448,記憶,牢獄,抜けられない,2,記憶[SEP]牢獄[SEP]抜けられない,0
449,449,記憶,牢獄,捉えて離さない,2,記憶[SEP]牢獄[SEP]捉えて離さない,0
450,450,記憶,牢獄,制限する,2,記憶[SEP]牢獄[SEP]制限する,0
451,451,記憶,牢獄,囚われる,2,記憶[SEP]牢獄[SEP]囚われる,0
452,452,記憶,牢獄,捕われる,2,記憶[SEP]牢獄[SEP]捕われる,0
453,453,記憶,牢獄,囚われの身となる,2,記憶[SEP]牢獄[SEP]囚われの身となる,0
454,454,記憶,牢獄,捕らわれの身となる,2,記憶[SEP]牢獄[SEP]捕らわれの身となる,0
455,455,記憶,牢獄,罠,1,記憶[SEP]牢獄[SEP]罠,0
456,456,記憶,牢獄,どちらも実体を保存する,1,記憶[SEP]牢獄[SEP]どちらも実体を保存する,0
457,457,記憶,牢獄,どちらも実体を保持する,1,記憶[SEP]牢獄[SEP]どちらも実体を保持する,0
458,458,記憶,牢獄,収める,1,記憶[SEP]牢獄[SEP]収める,0
459,459,記憶,牢獄,ストレスにつながる,1,記憶[SEP]牢獄[SEP]ストレスにつながる,0
460,460,記憶,牢獄,苦痛だ,1,記憶[SEP]牢獄[SEP]苦痛だ,0
461,461,記憶,牢獄,嫌な場所,1,記憶[SEP]牢獄[SEP]嫌な場所,0
462,462,記憶,牢獄,深いところにある,1,記憶[SEP]牢獄[SEP]深いところにある,0
463,463,記憶,牢獄,奥底にある,1,記憶[SEP]牢獄[SEP]奥底にある,0
464,464,記憶,牢獄,囲われる,1,記憶[SEP]牢獄[SEP]囲われる,0
465,465,記憶,牢獄,行き詰まる,1,記憶[SEP]牢獄[SEP]行き詰まる,0
466,466,記憶,牢獄,狭い,1,記憶[SEP]牢獄[SEP]狭い,0
467,467,記憶,牢獄,閉鎖的だ,1,記憶[SEP]牢獄[SEP]閉鎖的だ,0
468,468,記憶,牢獄,忌まわしい,1,記憶[SEP]牢獄[SEP]忌まわしい,0
469,469,記憶,牢獄,トラウマになる,1,記憶[SEP]牢獄[SEP]トラウマになる,0
470,470,記憶,牢獄,薄暗い,1,記憶[SEP]牢獄[SEP]薄暗い,0
471,471,記憶,牢獄,とどまる,1,記憶[SEP]牢獄[SEP]とどまる,0
472,472,記憶,牢獄,出てくるところ,1,記憶[SEP]牢獄[SEP]出てくるところ,0
473,473,記憶,牢獄,忘れたい過去がある,1,記憶[SEP]牢獄[SEP]忘れたい過去がある,0
474,474,記憶,牢獄,あふれる,1,記憶[SEP]牢獄[SEP]あふれる,0
475,475,記憶,牢獄,たくさんの人が現れる,1,記憶[SEP]牢獄[SEP]たくさんの人が現れる,0
476,476,記憶,牢獄,詰め込む,1,記憶[SEP]牢獄[SEP]詰め込む,0
477,477,記憶,牢獄,過去のものが収容されている,0,記憶[SEP]牢獄[SEP]過去のものが収容されている,0
478,478,記憶,牢獄,複雑だ,0,記憶[SEP]牢獄[SEP]複雑だ,0
479,479,記憶,牢獄,判断力を鈍らせる,0,記憶[SEP]牢獄[SEP]判断力を鈍らせる,0
480,480,記憶,牢獄,本音が話せる,0,記憶[SEP]牢獄[SEP]本音が話せる,0
481,481,記憶,牢獄,明かりとなるところ,0,記憶[SEP]牢獄[SEP]明かりとなるところ,0
482,482,記憶,牢獄,巡らされている,0,記憶[SEP]牢獄[SEP]巡らされている,0
483,483,記憶,牢獄,動かすことが難しい,0,記憶[SEP]牢獄[SEP]動かすことが難しい,0
484,484,記憶,牢獄,枝状になっている,0,記憶[SEP]牢獄[SEP]枝状になっている,0
485,485,記憶,牢獄,生活を支える,0,記憶[SEP]牢獄[SEP]生活を支える,0
486,486,記憶,牢獄,公共の建物,0,記憶[SEP]牢獄[SEP]公共の建物,0
487,487,記憶,牢獄,無限だ,0,記憶[SEP]牢獄[SEP]無限だ,0
488,488,記憶,牢獄,人々が出逢う建物,0,記憶[SEP]牢獄[SEP]人々が出逢う建物,0
489,489,記憶,牢獄,建物,0,記憶[SEP]牢獄[SEP]建物,0
490,490,記憶,牢獄,2つの要素を融解する,0,記憶[SEP]牢獄[SEP]2つの要素を融解する,0
491,491,記憶,牢獄,脳に影響を与える,0,記憶[SEP]牢獄[SEP]脳に影響を与える,0
492,492,結婚,合金,2つの要素を混合する,2,結婚[SEP]合金[SEP]2つの要素を混合する,0
493,493,結婚,合金,2つの要素を融解する,2,結婚[SEP]合金[SEP]2つの要素を融解する,0
494,494,結婚,合金,2つの要素を結合する,2,結婚[SEP]合金[SEP]2つの要素を結合する,0
495,495,結婚,合金,2つの要素を統合する,2,結婚[SEP]合金[SEP]2つの要素を統合する,0
496,496,結婚,合金,2つの要素を合わせる,2,結婚[SEP]合金[SEP]2つの要素を合わせる,0
497,497,結婚,合金,2つの要素が結びつく,2,結婚[SEP]合金[SEP]2つの要素が結びつく,0
498,498,結婚,合金,2つの要素を一緒にする,2,結婚[SEP]合金[SEP]2つの要素を一緒にする,0
499,499,結婚,合金,2つの要素が一つになる,2,結婚[SEP]合金[SEP]2つの要素が一つになる,0
500,500,結婚,合金,調和する,2,結婚[SEP]合金[SEP]調和する,0
501,501,結婚,合金,異なるものをくっつける,2,結婚[SEP]合金[SEP]異なるものをくっつける,0
502,502,結婚,合金,2つの要素の組み合わせ,1,結婚[SEP]合金[SEP]2つの要素の組み合わせ,0
503,503,結婚,合金,柔軟だ,1,結婚[SEP]合金[SEP]柔軟だ,0
504,504,結婚,合金,融解する,1,結婚[SEP]合金[SEP]融解する,0
505,505,結婚,合金,結束する,1,結婚[SEP]合金[SEP]結束する,0
506,506,結婚,合金,結婚指輪,1,結婚[SEP]合金[SEP]結婚指輪,0
507,507,結婚,合金,指輪,1,結婚[SEP]合金[SEP]指輪,0
508,508,結婚,合金,硬い,1,結婚[SEP]合金[SEP]硬い,0
509,509,結婚,合金,美しい,1,結婚[SEP]合金[SEP]美しい,0
510,510,結婚,合金,相性が大事,1,結婚[SEP]合金[SEP]相性が大事,0
511,511,結婚,合金,資産ができる,1,結婚[SEP]合金[SEP]資産ができる,0
512,512,結婚,合金,輝かしい,1,結婚[SEP]合金[SEP]輝かしい,0
513,513,結婚,合金,安定する,1,結婚[SEP]合金[SEP]安定する,0
514,514,結婚,合金,貴重だ,1,結婚[SEP]合金[SEP]貴重だ,0
515,515,結婚,合金,輝かしい,1,結婚[SEP]合金[SEP]輝かしい,0
516,516,結婚,合金,費用がかかる,1,結婚[SEP]合金[SEP]費用がかかる,0
517,517,結婚,合金,動かすことが難しい,0,結婚[SEP]合金[SEP]動かすことが難しい,0
518,518,結婚,合金,逃げられない,0,結婚[SEP]合金[SEP]逃げられない,0
519,519,結婚,合金,依存性がある,0,結婚[SEP]合金[SEP]依存性がある,0
520,520,結婚,合金,縁がない,0,結婚[SEP]合金[SEP]縁がない,0
521,521,結婚,合金,深いところにある,0,結婚[SEP]合金[SEP]深いところにある,0
522,522,結婚,合金,平たい,0,結婚[SEP]合金[SEP]平たい,0
523,523,結婚,合金,危険だ,0,結婚[SEP]合金[SEP]危険だ,0
524,524,結婚,合金,人を傷つける,0,結婚[SEP]合金[SEP]人を傷つける,0
525,525,結婚,合金,円形,0,結婚[SEP]合金[SEP]円形,0
526,526,結婚,合金,なくてはならない,0,結婚[SEP]合金[SEP]なくてはならない,0
527,527,結婚,合金,眩しい,0,結婚[SEP]合金[SEP]眩しい,0
528,528,結婚,合金,遺品だ,0,結婚[SEP]合金[SEP]遺品だ,0
529,529,思考,網,張り巡らされている,2,思考[SEP]網[SEP]張り巡らされている,0
530,530,思考,網,巡らされている,2,思考[SEP]網[SEP]巡らされている,0
531,531,思考,網,ネットワーク状,2,思考[SEP]網[SEP]ネットワーク状,0
532,532,思考,網,回路状,2,思考[SEP]網[SEP]回路状,0
533,533,思考,網,アメーバ状,2,思考[SEP]網[SEP]アメーバ状,0
534,534,思考,網,編み込まれている,2,思考[SEP]網[SEP]編み込まれている,0
535,535,思考,網,複数層からなる,2,思考[SEP]網[SEP]複数層からなる,0
536,536,思考,網,つながっている,1,思考[SEP]網[SEP]つながっている,0
537,537,思考,網,入り乱れている,1,思考[SEP]網[SEP]入り乱れている,0
538,538,思考,網,絡み合っている,1,思考[SEP]網[SEP]絡み合っている,0
539,539,思考,網,入り組んでいる,1,思考[SEP]網[SEP]入り組んでいる,0
540,540,思考,網,囚われる,1,思考[SEP]網[SEP]囚われる,0
541,541,思考,網,ねじれている,1,思考[SEP]網[SEP]ねじれている,0
542,542,思考,網,目がある,1,思考[SEP]網[SEP]目がある,0
543,543,思考,網,複雑だ,1,思考[SEP]網[SEP]複雑だ,0
544,544,思考,網,抜け出せない,1,思考[SEP]網[SEP]抜け出せない,0
545,545,思考,網,絡みとられる,1,思考[SEP]網[SEP]絡みとられる,0
546,546,思考,網,引っかかる,1,思考[SEP]網[SEP]引っかかる,0
547,547,思考,網,広げることができる,1,思考[SEP]網[SEP]広げることができる,0
548,548,思考,網,広がっている,1,思考[SEP]網[SEP]広がっている,0
549,549,思考,網,深く沈める,1,思考[SEP]網[SEP]深く沈める,0
550,550,思考,網,手繰り寄せる,1,思考[SEP]網[SEP]手繰り寄せる,0
551,551,思考,網,引き寄せる,1,思考[SEP]網[SEP]引き寄せる,0
552,552,思考,網,構築する,1,思考[SEP]網[SEP]構築する,0
553,553,思考,網,緻密だ,1,思考[SEP]網[SEP]緻密だ,0
554,554,思考,網,解く,1,思考[SEP]網[SEP]解く,0
555,555,思考,網,交差している,1,思考[SEP]網[SEP]交差している,0
556,556,思考,網,重なる,1,思考[SEP]網[SEP]重なる,0
557,557,思考,網,調和する,0,思考[SEP]網[SEP]調和する,0
558,558,思考,網,人間が設計している,0,思考[SEP]網[SEP]人間が設計している,0
559,559,思考,網,判断力を鈍らせる,0,思考[SEP]網[SEP]判断力を鈍らせる,0
560,560,思考,網,尖っている,0,思考[SEP]網[SEP]尖っている,0
561,561,思考,網,柔軟だ,0,思考[SEP]網[SEP]柔軟だ,0
562,562,思考,網,殺す,0,思考[SEP]網[SEP]殺す,0
563,563,思考,網,規則に従っている,0,思考[SEP]網[SEP]規則に従っている,0
564,564,思考,網,2つの要素を一緒にする,0,思考[SEP]網[SEP]2つの要素を一緒にする,0
565,565,思考,網,探求する,0,思考[SEP]網[SEP]探求する,0
566,566,思考,網,多面的だ,0,思考[SEP]網[SEP]多面的だ,0
567,567,思考,網,頭を使う,0,思考[SEP]網[SEP]頭を使う,0
568,568,思考,網,永遠だ,0,思考[SEP]網[SEP]永遠だ,0
569,569,思考,網,複雑だ,0,思考[SEP]網[SEP]複雑だ,0
570,570,思考,網,トリッキーだ,0,思考[SEP]網[SEP]トリッキーだ,0
571,571,美術館,墓,物の状態を保存する,2,美術館[SEP]墓[SEP]物の状態を保存する,0
572,572,美術館,墓,遺物が保管されている,2,美術館[SEP]墓[SEP]遺物が保管されている,0
573,573,美術館,墓,過去のものが保管されている,2,美術館[SEP]墓[SEP]過去のものが保管されている,0
574,574,美術館,墓,遺産が保管されている,2,美術館[SEP]墓[SEP]遺産が保管されている,0
575,575,美術館,墓,記念が保管されている,2,美術館[SEP]墓[SEP]記念が保管されている,0
576,576,美術館,墓,遺物が収容されている,2,美術館[SEP]墓[SEP]遺物が収容されている,0
577,577,美術館,墓,過去のものが収容されている,2,美術館[SEP]墓[SEP]過去のものが収容されている,0
578,578,美術館,墓,記念が収容されている,2,美術館[SEP]墓[SEP]記念が収容されている,0
579,579,美術館,墓,遺産が眠る,2,美術館[SEP]墓[SEP]遺産が眠る,0
580,580,美術館,墓,過去のものが収蔵されている,2,美術館[SEP]墓[SEP]過去のものが収蔵されている,0
581,581,美術館,墓,遺物が眠る,2,美術館[SEP]墓[SEP]遺物が眠る,0
582,582,美術館,墓,骨が保管されている,1,美術館[SEP]墓[SEP]骨が保管されている,0
583,583,美術館,墓,物を並べる,1,美術館[SEP]墓[SEP]物を並べる,0
584,584,美術館,墓,物を展示する,1,美術館[SEP]墓[SEP]物を展示する,0
585,585,美術館,墓,静かにしなくてはならない,1,美術館[SEP]墓[SEP]静かにしなくてはならない,0
586,586,美術館,墓,厳かだ,1,美術館[SEP]墓[SEP]厳かだ,0
587,587,美術館,墓,静かだ,1,美術館[SEP]墓[SEP]静かだ,0
588,588,美術館,墓,遺品だ,1,美術館[SEP]墓[SEP]遺品だ,0
589,589,美術館,墓,過去のもの,1,美術館[SEP]墓[SEP]過去のもの,0
590,590,美術館,墓,遺物,1,美術館[SEP]墓[SEP]遺物,0
591,591,美術館,墓,芸術的だ,1,美術館[SEP]墓[SEP]芸術的だ,0
592,592,美術館,墓,建てるもの,1,美術館[SEP]墓[SEP]建てるもの,0
593,593,美術館,墓,古い,1,美術館[SEP]墓[SEP]古い,0
594,594,美術館,墓,受け継ぐ,1,美術館[SEP]墓[SEP]受け継ぐ,0
595,595,美術館,墓,集められている,1,美術館[SEP]墓[SEP]集められている,0
596,596,美術館,墓,飾る,1,美術館[SEP]墓[SEP]飾る,0
597,597,美術館,墓,人が集まる,1,美術館[SEP]墓[SEP]人が集まる,0
598,598,美術館,墓,人が訪れる,1,美術館[SEP]墓[SEP]人が訪れる,0
599,599,美術館,墓,石がある,1,美術館[SEP]墓[SEP]石がある,0
600,600,美術館,墓,歴史を知る,1,美術館[SEP]墓[SEP]歴史を知る,0
601,601,美術館,墓,根を張る,0,美術館[SEP]墓[SEP]根を張る,0
602,602,美術館,墓,硬い,0,美術館[SEP]墓[SEP]硬い,0
603,603,美術館,墓,首にかけられる,0,美術館[SEP]墓[SEP]首にかけられる,0
604,604,美術館,墓,抜けられない,0,美術館[SEP]墓[SEP]抜けられない,0
605,605,美術館,墓,円形,0,美術館[SEP]墓[SEP]円形,0
606,606,美術館,墓,ボトムアップ構造を持つ,0,美術館[SEP]墓[SEP]ボトムアップ構造を持つ,0
607,607,美術館,墓,繊細だ,0,美術館[SEP]墓[SEP]繊細だ,0
608,608,美術館,墓,走っている,0,美術館[SEP]墓[SEP]走っている,0
609,609,美術館,墓,山の間の谷にできる,0,美術館[SEP]墓[SEP]山の間の谷にできる,0
610,610,美術館,墓,混乱する,0,美術館[SEP]墓[SEP]混乱する,0
611,611,美術館,墓,楽しい,0,美術館[SEP]墓[SEP]楽しい,0
612,612,美術館,墓,ネットワーク状,0,美術館[SEP]墓[SEP]ネットワーク状,0
613,613,美術館,墓,2つの要素が一つになる,0,美術館[SEP]墓[SEP]2つの要素が一つになる,0
614,614,美術館,墓,平坦なシート,0,美術館[SEP]墓[SEP]平坦なシート,0
615,615,美術館,墓,狭い,0,美術館[SEP]墓[SEP]狭い,0
616,9,輪っか,ネックレス,和状,0,輪っか[SEP]ネックレス[SEP]和状,0
617,18,思考,網,ネットワーク,2,思考[SEP]網[SEP]ネットワーク,0
618,27,山,障害物,大きい,1,山[SEP]障害物[SEP]大きい,0
619,32,理論,建物,構造,2,理論[SEP]建物[SEP]構造,0
620,35,結婚,合金,幸福,0,結婚[SEP]合金[SEP]幸福,0
621,41,道,川,細長い,1,道[SEP]川[SEP]細長い,0
622,56,紙,葉っぱ,薄いところ,1,紙[SEP]葉っぱ[SEP]薄いところ,0
623,69,結婚,合金,2つ結びつくところ,2,結婚[SEP]合金[SEP]2つ結びつくところ,0
624,86,ダイヤモンド,雪片,きらきらしている,1,ダイヤモンド[SEP]雪片[SEP]きらきらしている,0
625,111,会社,木,成長,1,会社[SEP]木[SEP]成長,0
626,117,鳥,飛行機,空を飛んでいる,2,鳥[SEP]飛行機[SEP]空を飛んでいる,0
627,121,山,障害物,立ちはだかっている,2,山[SEP]障害物[SEP]立ちはだかっている,0
628,127,理論,建物,考えに基づかれている,1,理論[SEP]建物[SEP]考えに基づかれている,0
629,160,酒場,教会,その場に1人は説教する人がいる,1,酒場[SEP]教会[SEP]その場に1人は説教する人がいる,0
630,187,記憶,牢獄,閉じ込められている,2,記憶[SEP]牢獄[SEP]閉じ込められている,0
631,192,剣,拳銃,武器として使われる点が似ている,2,剣[SEP]拳銃[SEP]武器として使われる点が似ている,0
632,194,太陽,電球,空間を明るく照らす,2,太陽[SEP]電球[SEP]空間を明るく照らす,0
633,195,紙,葉っぱ,平らで裏表があり、書き込むこともできる,1,紙[SEP]葉っぱ[SEP]平らで裏表があり、書き込むこともできる,0
634,201,時間,川,止まることなく流れている,2,時間[SEP]川[SEP]止まることなく流れている,0
635,220,思考,網,重なるもの,1,思考[SEP]網[SEP]重なるもの,0
636,226,道,川,幅が広いところが似ている,1,道[SEP]川[SEP]幅が広いところが似ている,0
637,231,時間,川,流れていくところが似ている,2,時間[SEP]川[SEP]流れていくところが似ている,0
638,237,結婚,合金,美しいところが似ている,1,結婚[SEP]合金[SEP]美しいところが似ている,0
639,244,輪っか,ネックレス,丸く繋がっているもの,2,輪っか[SEP]ネックレス[SEP]丸く繋がっているもの,0
640,248,理論,建物,土台から構築されるもの,2,理論[SEP]建物[SEP]土台から構築されるもの,0
641,251,結婚,合金,違うものが一緒になって、より強固になること,2,結婚[SEP]合金[SEP]違うものが一緒になって、より強固になること,0
642,257,山,障害物,登って、乗り越えなければならない,2,山[SEP]障害物[SEP]登って、乗り越えなければならない,0
643,332,理論,建物,立てる（建てる）のが大変,1,理論[SEP]建物[SEP]立てる（建てる）のが大変,0
644,335,思考,網,複雑に絡み合う,1,思考[SEP]網[SEP]複雑に絡み合う,0
645,336,美術館,墓,物が収められる,2,美術館[SEP]墓[SEP]物が収められる,0
646,338,みかん,ボール,丸い形状が似ている,1,みかん[SEP]ボール[SEP]丸い形状が似ている,0
647,346,なぞなぞ,迷宮,対象を迷わせるところが似ている,1,なぞなぞ[SEP]迷宮[SEP]対象を迷わせるところが似ている,0
648,350,理論,建物,一つ一つのものを構築していくところが似ている。,2,理論[SEP]建物[SEP]一つ一つのものを構築していくところが似ている。,0
649,356,鳥,飛行機,飛んでいるもの,2,鳥[SEP]飛行機[SEP]飛んでいるもの,0
650,366,なぞなぞ,迷宮,共に正解が何であるか迷うという点で似ている,1,なぞなぞ[SEP]迷宮[SEP]共に正解が何であるか迷うという点で似ている,0
651,372,記憶,牢獄,共にとらわれることがあるという点で似ている,2,記憶[SEP]牢獄[SEP]共にとらわれることがあるという点で似ている,0
652,374,思考,網,共にからめとられるものであるという点で似ている,1,思考[SEP]網[SEP]共にからめとられるものであるという点で似ている,0
653,378,愛,薬物,精神,0,愛[SEP]薬物[SEP]精神,0
654,380,輪っか,ネックレス,何かにつけることができる,1,輪っか[SEP]ネックレス[SEP]何かにつけることができる,0
655,388,山,障害物,視界を塞ぐ,1,山[SEP]障害物[SEP]視界を塞ぐ,0
656,395,結婚,合金,固い繋がりがある,2,結婚[SEP]合金[SEP]固い繋がりがある,0
657,397,美術館,墓,過去のものを収めている,2,美術館[SEP]墓[SEP]過去のものを収めている,0
658,426,愛,薬物,はまりやすい,2,愛[SEP]薬物[SEP]はまりやすい,0
659,431,記憶,牢獄,忌まわしい,1,記憶[SEP]牢獄[SEP]忌まわしい,0
660,440,酒場,教会,場所,0,酒場[SEP]教会[SEP]場所,0
661,443,結婚,合金,できればいいもの,1,結婚[SEP]合金[SEP]できればいいもの,0
662,449,愛,薬物,なかなか離れることが出来ない,2,愛[SEP]薬物[SEP]なかなか離れることが出来ない,0
663,451,輪っか,ネックレス,形が円である。,2,輪っか[SEP]ネックレス[SEP]形が円である。,0
664,458,結婚,合金,輝かしい物事である,1,結婚[SEP]合金[SEP]輝かしい物事である,0
665,459,思考,網,1つの回路になっている,2,思考[SEP]網[SEP]1つの回路になっている,0
666,460,美術館,墓,大切なものや人を保管しておく場所,2,美術館[SEP]墓[SEP]大切なものや人を保管しておく場所,0
667,463,太陽,電球,光源,2,太陽[SEP]電球[SEP]光源,0
668,469,ダイヤモンド,雪片,光を反射する,1,ダイヤモンド[SEP]雪片[SEP]光を反射する,0
669,470,記憶,牢獄,トラウマになる,1,記憶[SEP]牢獄[SEP]トラウマになる,0
670,477,紙,葉っぱ,どちらも薄っぺらいところ,1,紙[SEP]葉っぱ[SEP]どちらも薄っぺらいところ,0
671,479,道,川,どちらも長く遠くまで続くところ,1,道[SEP]川[SEP]どちらも長く遠くまで続くところ,0
672,487,理論,建物,どちらも基礎からしっかりとしていなければいけない,2,理論[SEP]建物[SEP]どちらも基礎からしっかりとしていなければいけない,0
673,491,思考,網,どちらも張り巡らせるものである,2,思考[SEP]網[SEP]どちらも張り巡らせるものである,0
674,492,美術館,墓,どちらも大切なものが収められている,2,美術館[SEP]墓[SEP]どちらも大切なものが収められている,0
675,496,山頂,針,先がとがっているもの,2,山頂[SEP]針[SEP]先がとがっているもの,0
676,499,山,障害物,簡単には乗り越えられないもの,2,山[SEP]障害物[SEP]簡単には乗り越えられないもの,0
677,529,剣,拳銃,人を殺す力があること,1,剣[SEP]拳銃[SEP]人を殺す力があること,0
678,531,太陽,電球,明るい所,1,太陽[SEP]電球[SEP]明るい所,0
679,533,道,川,長い所,1,道[SEP]川[SEP]長い所,0
680,562,なぞなぞ,迷宮,悩む,1,なぞなぞ[SEP]迷宮[SEP]悩む,0
681,595,会社,木,根っこが大事である,1,会社[SEP]木[SEP]根っこが大事である,0
682,621,思考,網,張り巡らすという点で似ている,2,思考[SEP]網[SEP]張り巡らすという点で似ている,0
683,638,ダイヤモンド,雪片,キラキラと輝いています。,1,ダイヤモンド[SEP]雪片[SEP]キラキラと輝いています。,0
684,645,みかん,ボール,球体である,2,みかん[SEP]ボール[SEP]球体である,0
685,715,道,川,長くつづいている,1,道[SEP]川[SEP]長くつづいている,0
686,727,美術館,墓,さまざまなタイプのものがある,1,美術館[SEP]墓[SEP]さまざまなタイプのものがある,0
687,742,記憶,牢獄,出てくるところ,1,記憶[SEP]牢獄[SEP]出てくるところ,0
688,743,結婚,合金,硬いところ,1,結婚[SEP]合金[SEP]硬いところ,0
689,749,山頂,針,先が鋭い,1,山頂[SEP]針[SEP]先が鋭い,0
690,755,酒場,教会,自己陶酔,0,酒場[SEP]教会[SEP]自己陶酔,0
691,758,記憶,牢獄,遡って無かったことに出来ない,0,記憶[SEP]牢獄[SEP]遡って無かったことに出来ない,0
692,808,みかん,ボール,どちらも形状が球体、もしくは球体に近い,2,みかん[SEP]ボール[SEP]どちらも形状が球体、もしくは球体に近い,0
693,812,道,川,どちらも長く伸びている,1,道[SEP]川[SEP]どちらも長く伸びている,0
694,823,結婚,合金,意志の固さ、物質としての硬さと「かたさ」が関係している,1,結婚[SEP]合金[SEP]意志の固さ、物質としての硬さと「かたさ」が関係している,0
695,827,山,障害物,邪魔なもの,2,山[SEP]障害物[SEP]邪魔なもの,0
696,828,輪っか,ネックレス,丸くつながっているもの,2,輪っか[SEP]ネックレス[SEP]丸くつながっているもの,0
697,829,なぞなぞ,迷宮,考えても答えがでない,2,なぞなぞ[SEP]迷宮[SEP]考えても答えがでない,0
698,840,紙,葉っぱ,包める,1,紙[SEP]葉っぱ[SEP]包める,0
699,844,山,障害物,乗り越えていかなければいけない存在,2,山[SEP]障害物[SEP]乗り越えていかなければいけない存在,0
700,846,なぞなぞ,迷宮,迷うのが楽しい,1,なぞなぞ[SEP]迷宮[SEP]迷うのが楽しい,0
701,858,山,障害物,容易に超えられない,2,山[SEP]障害物[SEP]容易に超えられない,0
702,869,山頂,針,どんどん細くなっていくところ,1,山頂[SEP]針[SEP]どんどん細くなっていくところ,0
703,876,会社,木,大きくて頑丈にどっしりとしているところ,1,会社[SEP]木[SEP]大きくて頑丈にどっしりとしているところ,0
704,880,記憶,牢獄,閉じこめるという点,2,記憶[SEP]牢獄[SEP]閉じこめるという点,0
705,899,ダイヤモンド,雪片,キレイなところ。,1,ダイヤモンド[SEP]雪片[SEP]キレイなところ。,0
706,905,剣,拳銃,殺傷する武具という点で似ている,2,剣[SEP]拳銃[SEP]殺傷する武具という点で似ている,0
707,907,太陽,電球,光ることで似ている,2,太陽[SEP]電球[SEP]光ることで似ている,0
708,919,記憶,牢獄,感情が伴う点で似ている,1,記憶[SEP]牢獄[SEP]感情が伴う点で似ている,0
709,924,剣,拳銃,どちらも対象を傷つけることができる武器である,2,剣[SEP]拳銃[SEP]どちらも対象を傷つけることができる武器である,0
710,930,愛,薬物,どちらも間違った扱いは非常に危険である,1,愛[SEP]薬物[SEP]どちらも間違った扱いは非常に危険である,0
711,947,紙,葉っぱ,かみ加工品、加工品、葉っぱは植物,1,紙[SEP]葉っぱ[SEP]かみ加工品、加工品、葉っぱは植物,0
712,959,記憶,牢獄,記憶は物事を覚えていること、牢獄は罪人をとらえておくところ,0,記憶[SEP]牢獄[SEP]記憶は物事を覚えていること、牢獄は罪人をとらえておくところ,0
713,967,山頂,針,先に行けば行くほど尖っている,2,山頂[SEP]針[SEP]先に行けば行くほど尖っている,0
714,968,道,川,大小あっても、どこまでも続いている,1,道[SEP]川[SEP]大小あっても、どこまでも続いている,0
715,971,輪っか,ネックレス,線と線が繋がっている,1,輪っか[SEP]ネックレス[SEP]線と線が繋がっている,0
716,980,思考,網,網のように張り巡らす考え方、いくつもの方法,2,思考[SEP]網[SEP]網のように張り巡らす考え方、いくつもの方法,0
717,983,道,川,渡る,2,道[SEP]川[SEP]渡る,0
718,1002,美術館,墓,芸術,1,美術館[SEP]墓[SEP]芸術,0
719,1032,太陽,電球,明るいもの,1,太陽[SEP]電球[SEP]明るいもの,0
720,1044,記憶,牢獄,はっきりとしないもの,0,記憶[SEP]牢獄[SEP]はっきりとしないもの,0
721,1045,結婚,合金,おめでたいもの,1,結婚[SEP]合金[SEP]おめでたいもの,0
722,1053,山,障害物,乗り越えるまたは迂回する必要があるもの,2,山[SEP]障害物[SEP]乗り越えるまたは迂回する必要があるもの,0
723,1061,思考,網,ネットワークのようなもの,2,思考[SEP]網[SEP]ネットワークのようなもの,0
724,1064,輪っか,ネックレス,輪状,2,輪っか[SEP]ネックレス[SEP]輪状,0
725,1073,鳥,飛行機,飛ぶことができる,2,鳥[SEP]飛行機[SEP]飛ぶことができる,0
726,1080,時間,川,流れ続ける,2,時間[SEP]川[SEP]流れ続ける,0
727,1108,時間,川,動き続けている,2,時間[SEP]川[SEP]動き続けている,0
728,1109,会社,木,成長すると大きくなる,1,会社[SEP]木[SEP]成長すると大きくなる,0
729,1118,山頂,針,とがったもののてっぺん,2,山頂[SEP]針[SEP]とがったもののてっぺん,0
730,1134,なぞなぞ,迷宮,ミステリアスなところ,1,なぞなぞ[SEP]迷宮[SEP]ミステリアスなところ,0
731,1147,輪っか,ネックレス,トーラスに似ている,1,輪っか[SEP]ネックレス[SEP]トーラスに似ている,0
732,1149,会社,木,会社は設立で、共に立つもの,1,会社[SEP]木[SEP]会社は設立で、共に立つもの,0
733,1160,紙,葉っぱ,平べったい事,1,紙[SEP]葉っぱ[SEP]平べったい事,0
734,1161,山頂,針,尖っていること,2,山頂[SEP]針[SEP]尖っていること,0
735,1194,思考,網,思考は脳内で、網は現実世界で四方八方に張り巡らせる点が似ています,2,思考[SEP]網[SEP]思考は脳内で、網は現実世界で四方八方に張り巡らせる点が似ています,0
736,1198,輪っか,ネックレス,首にかけれる,1,輪っか[SEP]ネックレス[SEP]首にかけれる,0
737,1211,山,障害物,突破が困難,1,山[SEP]障害物[SEP]突破が困難,0
